elevation,note,waterbody,location,website,name,delta_temp,climate
416,"$65/night for a non-waterfront electric spot, 2 adults.  Additional adult +$10.",river,"39.0963,-77.9378",https://watermelonpark.com/,Watermelon Park & RV Campground,-0.4573799999999987,similar
636,$75/night (incl. tax/fees) for a riverfront spot w/full hookups,river,"38.7740,-78.4087",http://www.sweetwatervacationproperties.com/,Sweetwater Vacation Properties,-0.6611400000000014,similar
547,"$50/night (incl. tax/fees) for a primitive riverfront spot, 2 adults.  Additional adult +$12.  Electric site +$10.",river,"38.8419,-78.3288",https://lowwaterbridgecampground.com/,Low Water Bridge Campground,-0.46746000000000437,similar
1335,$62/night (incl. tax/fees) for a riverfront spot w/full hookups,river,"38.7472,-78.9217",https://www.campriversedgeva.com/,River's Edge Campground,-3.1049999999999986,similar
39,Recommended by Grok as a good stopping point on the way to Key West that avoids downtown Miami,lake,"25.6016,-80.3946",https://www.miamidade.gov/parks/larry-penny.asp,Larry and Penny Thompson Memorial Park and Campground,25.17858,hot
1063,Recommended by Grok as one of the best campgrounds in Maine,lake,"45.5716,-69.5462","https://www.campwithme.com/
https://cg-public-prod.web.maine.gov/public/index",Lily Bay State Park,-14.417819999999994,much cooler
16,Recommended by Grok as one of the best campgrounds in Maine,bay,"44.8404,-67.1500","https://www.campwithme.com/
https://cg-public-prod.web.maine.gov/public/index",Cobscook Bay State Park,-9.369360000000004,cooler
311,Recommended by Grok as one of the best campgrounds in Maine,lake,"43.9312,-70.5800","https://www.campwithme.com/
https://cg-public-prod.web.maine.gov/public/index",Sebago Lake State Park,-8.785799999999995,slightly cooler
1158,Wooded tent and RV sites along the Pemigewasset River.  Campsite decriptions do not specify max RV length.,river,"44.0637,-71.5942","https://www.fs.usda.gov/r09/whitemountain/recreation/hancock-campground
https://www.recreation.gov/camping/campgrounds/10300159",Hancock Campground,-12.042899999999994,cooler
1591,19 tent and RV sites.  Max vehicle length 20 feet.,none,"43.9188,-73.0272","https://www.fs.usda.gov/r09/gmfl/recreation/moosalamoo-campground
https://www.recreation.gov/camping/campgrounds/256347",Moosalamoo Campground,-13.326479999999995,cooler
2165,"Located in the Catskills, this campground offers tent and RV sites near a pond ideal for swimming, kayaking, and fishing.",lake,"41.9574,-74.6907","https://dec.ny.gov/places/mongaup-pond-campground-and-day-use-area
https://newyorkstateparks.reserveamerica.com/camping/mongaup%20pond/r/campgroundDetails.do?contractCode=NY&parkId=100",Mongaup Pond Campground,-11.843459999999999,cooler
2165,"The highest-elevation state campground in the Catskills, this site offers tent and RV camping near North and South Lakes.",lake,"42.2003,-74.0416","https://dec.ny.gov/places/north-south-lake-campground-and-day-use-area
https://newyorkstateparks.reserveamerica.com/camping/north-south%20lake%20campground/r/campgroundDetails.do?contractCode=NY&parkId=5",North-South Lake Campground,-12.280679999999997,cooler
2762,"Nestled in a valley surrounded by mountain peaks, this campground offers 27 sites for tents and RVs.",none,"35.6319,-83.0855","https://www.nps.gov/grsm/planyourvisit/cataloochee-campground.htm
https://www.recreation.gov/camping/campgrounds/233284?tab=info",Cataloochee Campground,-2.586960000000003,similar
5351,"Surrounded by mountain ranges and streams.  Summer daytime temperatures rarely exceed 70°F (~21°C) and lows may dip to 50°F (10°C).  RV and tent sites plus flush toilets and drinking water are available.  Steep, winding access road.",none,"35.5647,-83.1737","https://www.nps.gov/grsm/planyourvisit/balsam-mountain.htm
https://www.recreation.gov/camping/campgrounds/273848?src=widget",Balsam Mountain Campground,-11.697300000000004,cooler
2339,,pond,"36.1379,-82.3508","https://www.fs.usda.gov/r08/cherokee/recreation/rock-creek-recreation-area
https://www.recreation.gov/camping/campgrounds/267551?tab=info",Rock Creek Recreation Area,-1.9884600000000028,similar
2644,,,"36.2568,-82.1132","https://www.fs.usda.gov/r08/cherokee/recreation/dennis-cove-recreation-area
https://www.recreation.gov/camping/campgrounds/251724?tab=info",Dennis Cove Recreation Area,-3.290579999999997,similar
1962,Most sites are tent only.  Four sites are available for RVs.,,"36.3109,-82.1188","https://www.fs.usda.gov/r08/cherokee/recreation/cardens-bluff-campground
https://www.recreation.gov/camping/campgrounds/122390",Cardens Bluff Campground,-0.9543599999999932,similar
1929,,,"36.5156,-82.0520","https://www.fs.usda.gov/r08/cherokee/recreation/little-oak-campground
https://www.recreation.gov/camping/campgrounds/122240",Little Oak Campground,-1.205819999999998,similar
1778,,,"36.5635,-82.0063","https://www.fs.usda.gov/r08/cherokee/recreation/jacobs-creek-recreation-area
https://www.recreation.gov/camping/campgrounds/10128487",Jacobs Creek Recreation Area,-0.7538399999999953,similar
2470,,,"36.5968,-81.8215","https://www.fs.usda.gov/r08/cherokee/recreation/backbone-rock-recreation-area
https://www.recreation.gov/camping/campgrounds/251757",Backbone Rock Campground,-3.282480000000003,similar
1939,,,"35.6895,-82.1995","https://www.fs.usda.gov/r08/northcarolina/recreation/curtis-creek-campground
https://www.recreation.gov/camping/campgrounds/251469",Curtis Creek Campground,0.2460599999999957,similar
2808,,,"35.8045,-82.2074","https://www.fs.usda.gov/r08/northcarolina/recreation/carolina-hemlocks-recreation-area
https://www.recreation.gov/camping/campgrounds/233954",Carolina Hemlocks Recreation Area,-3.0614399999999953,similar
3359,Closed for 2025 due to hurricane Helene,,"35.9685,-81.9419","https://www.nps.gov/blri/planyourvisit/linville-falls-cg.htm
https://www.recreation.gov/camping/campgrounds/234036",Linville Falls Campground,-5.322239999999997,slightly cooler
1696,,,"35.9924,-81.7632","https://www.fs.usda.gov/r08/northcarolina/recreation/mortimer-campground
https://www.recreation.gov/camping/campgrounds/10046915",Mortimer Campground,0.5666399999999944,similar
3464,Temporarily closed as of June 2025 due to damage from Hurricane Helene,,"36.1392,-81.7387",https://www.nps.gov/blri/planyourvisit/price-cg.htm,Julian Price Campground,-6.003900000000004,slightly cooler
1138,,,"36.1010,-81.2884",https://www.saw.usace.army.mil/Locations/District-Lakes-and-Dams/W-Kerr-Scott/Recreation/Recreation-Areas/\nhttps://www.recreation.gov/camping/campgrounds/233665,Warrior Creek Campground,2.360160000000002,similar
1217,,,"36.1296,-81.2746",https://www.saw.usace.army.mil/Locations/District-Lakes-and-Dams/W-Kerr-Scott/Recreation/Recreation-Areas/\nhttps://www.recreation.gov/camping/campgrounds/234253,Fort Hamby Park,2.0278799999999944,similar
3500,,,"36.4288,-81.1597",https://www.nps.gov/blri/planyourvisit/doughton-park-cg.htm,Doughton Park Campground,-6.653880000000004,slightly cooler
2539,,,"36.8030,-80.3518",https://www.nps.gov/blri/planyourvisit/rocky-knob-cg.htm,Rocky Knob Recreation Area,-3.8993399999999947,similar
2611,,,"37.4424,-79.6087",https://www.nps.gov/blri/planyourvisit/peaks-otter-cg.htm,Peaks Of Otter Campground,-5.307659999999998,slightly cooler
823,,,"37.5762,-79.3389",https://www.nps.gov/blri/planyourvisit/otter-creek-cg.htm,Otter Creek Campground,0.8280000000000002,similar
2874,"Potomac-Garrett State Forest, 10 dispersed campsites along Piney Mountain road.  Self-registration kiosk on Piney Mountain road near Sang Run road.  $10 per night.",,"39.5515,-79.4630","https://dnr.maryland.gov/forests/Pages/publiclands/PotomacGarrett/Camping.aspx
https://freecampsites.net",Piney Mountain campsites,-10.040039999999996,cooler
2559,"Potomac-Garrett State Forest, 10 dispersed campsites along Snaggy Mountain road between Cranesville road and Sanders lane.  Self-registration kiosk on Snaggy Mountain road near Cranesville road.  $10 per night.",,"39.4981,-79.4541","https://dnr.maryland.gov/forests/Pages/publiclands/PotomacGarrett/Camping.aspx
https://freecampsites.net",Snaggy Mountain campsites,-8.820720000000001,slightly cooler
2437,"Potomac-Garrett State Forest, 5 dispersed campsites along Lostland Run road leading to north branch of Potomac River.  Self-registration kiosk on Lost Land Run road near Potomac Camp road.  $10 per night.",,"39.3818,-79.2772","https://dnr.maryland.gov/forests/Pages/publiclands/PotomacGarrett/Camping.aspx
https://freecampsites.net",Lostland Run campsites,-8.178479999999997,slightly cooler
2614,"Potomac-Garrett State Forest, 14 dispersed campsites along Wallman and Laurel Run roads leading to north branch of Potomac River.  Self-registration kiosk at 15 Laurel Run.  $10 per night.",,"39.3407,-79.2960","https://dnr.maryland.gov/forests/Pages/publiclands/PotomacGarrett/Camping.aspx
https://freecampsites.net",Wallman/Laurel Run campsites,-8.736299999999996,slightly cooler
623,Geo Wash Nat'l Forest free boat launch with several campsites.  Last 3.5 miles are gravel.  Located in flood plain so avoid during heavy rain.  Reports that the road has deteriorated and is now narrow with deep ruts.  May be impassable without 4WD.,,"38.7700, -78.3927",https://freecampsites.net,Moody Boat Launch campsites,-0.6071400000000055,similar
1597,Alongside FR92 is a narrow lane with two camping places.  The first is accessible to almost any vehicle.  The second would probably require a 4WD.,,"38.9351,-78.6503",https://freecampsites.net,FR92 Roadside Site,-4.3792199999999974,slightly cooler
1574,Large gravel lot owned by the forest service. Likely fits 5+ large RVs. Very friendly forest rangers and completely legal. Lots of smaller campsites along the main forest road.,,"38.9147,-78.6272",https://freecampsites.net,Columbia Furnace Boondock,-4.2606000000000055,slightly cooler
1381,,,"41.7788,-78.8884",https://thedyrt.com/press/2025-best-places-to-camp-in-the-northeast-region/,Red Bridge Campground,-8.725679999999993,slightly cooler
1378,,,"44.1613,-71.0950",https://thedyrt.com/camping/new-hampshire/town-hall-road-free-camping,Town Hall Road Dispersed Sites,-13.002479999999997,cooler
882,,,"37.6103,-79.3787",https://thedyrt.com/press/2025-best-places-to-camp-in-the-southeast-region/,FR 812 Dispersed Sites,0.5560199999999963,similar
853,,,"35.5232,-87.4570",https://thedyrt.com/press/2025-best-places-to-camp-in-the-southeast-region/,Meriwether Lewis Campground,4.4180999999999955,slightly warmer
915,Part of North Bend State Park,,"39.2212,-81.1094",https://thedyrt.com/press/2025-best-places-to-camp-in-the-southeast-region/,River Run Campground,-2.4606000000000057,similar
439,"Ozark Mountain hideaway offers a serene riverside retreat along the White River
water/electric sites $35",,"36.2845,-92.5302",https://thedyrt.com/press/2025-best-places-to-camp-in-the-southeast-region/,Blue Heron Campground,4.521959999999997,slightly warmer
1118,,,"34.9528,-82.9515",,Devils Fork State Park Campground,4.4971199999999945,slightly warmer
1807,Pinchot State Forest,,"41.2064,-75.6152",https://pennsylvaniastateparks.reserveamerica.com/,002 Fireline,-9.216360000000005,cooler
1788,Pinchot State Forest,,"41.2068,-75.6120",https://pennsylvaniastateparks.reserveamerica.com/,Manny Gordon 001,-9.146880000000001,cooler
1784,Pinchot State Forest,,"41.2059,-75.6115",https://pennsylvaniastateparks.reserveamerica.com/,Manny Gordon 002,-9.13356,cooler
1784,Pinchot State Forest,,"41.2055,-75.6105",https://pennsylvaniastateparks.reserveamerica.com/,Manny Gordon 003,-9.132840000000002,cooler
252,,,"40.2174,-75.5643",,32 Homestead Lane,-1.890359999999996,similar
2040,Braley Pond dispersed campsites,,"38.2914,-79.3051",https://tmbtent.com/virginia-free-dispersed-camping/,Braley Pond dispersed campsites,-4.800060000000005,slightly cooler
3878,campsite at Flagpole rd & Hone Quarry Ridge trail,,"38.4880,-79.2149",,Hone Quarry Ridge Campsite,-11.70594,cooler
3563,,,"38.6424,-79.0847",,Long Run Road Campsite #4,-10.860660000000003,cooler
3536,,,"38.6455,-79.0823",,Long Run Road Campsite #5,-10.772639999999997,cooler
3504,Long Run Road campsite #6,,"38.6514,-79.0837",,Long Run Road campsite #6,-10.666260000000003,cooler
3176,"3000-About 15 designated dispersed campsites along Gandy Creek.  The gravel road is generally well-maintained, but larger RVs may find some sites challenging due to size constraints.  Popular during weekends, so arrive early. No cell service in this remote area.",,"38.7669,-79.5729",,Gandy Creek dispersed camping,-9.70416,cooler
3166,Part of Gandy Creek Dispersed Camping,,"38.7701,-79.5556",,Swallow Rock Campground,-9.674819999999999,cooler
3874,,,"39.0323,-79.3159",,Red Creek Campground,-12.673979999999998,cooler
4045,,lake,"38.7076,-79.5878",,Spruce Knob Lake Campground,-12.69792,cooler
2575,A few sites are large enough for a camper van,lake,"39.6346,-79.1187",https://parkreservations.maryland.gov,New Germany State Park Campground,-9.124919999999998,cooler
2779,Part of Savage River State Forest,,"39.6603,-78.9656",https://parkreservations.maryland.gov,St. John's Rock Campsites,-9.896579999999998,cooler
1581,"secluded site with road noise from I-70
Buchanan State Forest
SH001 Town Hill",,"39.8539,-78.2722",https://pennsylvaniastateparks.reserveamerica.com/,SH001 Town Hill,-5.974560000000005,slightly cooler
2083,"Buchanan State Forest
CV021 326 Lot",,"39.8734,-78.5091",https://pennsylvaniastateparks.reserveamerica.com/,CV021 326 Lot,-7.799759999999993,slightly cooler
2306,"Buchanan State Forest
CV014 Nester Lot",,"39.8614,-78.5290",https://pennsylvaniastateparks.reserveamerica.com/,CV014 Nester Lot,-8.573760000000005,slightly cooler
2053,"Buchanan State Forest
CV013 Refuge Trail ATV",,"39.8581,-78.5447",https://pennsylvaniastateparks.reserveamerica.com/,CV013 Refuge Trail ATV,-7.666919999999999,slightly cooler
2057,"Buchanan State Forest
CV011 Martin Hill North",,"39.8605,-78.5638",https://pennsylvaniastateparks.reserveamerica.com/,CV011 Martin Hill North,-7.682940000000003,slightly cooler
2263," large grassy private lot
Buchanan State Forest
CV008 Oak Trail",,"39.8545,-78.5776",https://pennsylvaniastateparks.reserveamerica.com/,CV008 Oak Trail,-8.409240000000002,slightly cooler
2723,"Buchanan State Forest
CV006 Tower Lot",,"39.8307,-78.5441",https://pennsylvaniastateparks.reserveamerica.com/,CV006 Tower Lot,-10.0044,cooler
2122,"Buchanan State Forest
Site CV007 ""Blankley Road West""",,"39.8318,-78.5946",https://pennsylvaniastateparks.reserveamerica.com/,CV007 Blankley Road West,-7.865280000000002,slightly cooler
1988,8 drive up campsites available by reservation,,"39.9878,-77.4013",,Big Flat Parking Area,-7.66638,slightly cooler
2027,,,"39.9700,-77.4698",,Site 009 Haunted Hollow,-7.774739999999997,slightly cooler
2398,,,"39.9818,-79.2939",,Forbes Motorized Campsite #5,-9.11808,cooler
2798,,,"40.1083,-79.1953",,Forbes State Forest Motorized Site 2,-10.773179999999998,cooler
2706,,,"40.1305,-79.1821",,Forbes State Forest Motorized Camping #1,-10.485539999999997,cooler
2559,,,"40.0602,-79.2325",,Kooser State Park,-9.832500000000003,cooler
2509,small spring-fed pond nearby,,"39.8022,-79.6784",,Forbes State Forest Campsite #3,-9.192599999999997,cooler
2135,,,"39.7980,-79.6473",,Forbes Campsite #4,-7.851240000000002,slightly cooler
2969,,,"39.7915,-79.1549",,Forbes State Forest Motorized Site 6,-10.811339999999998,cooler
2952,,lake,"39.5244,-79.3006",https://parkreservations.maryland.gov,Deep Creek Lake State Park,-10.27206,cooler
2319,,,"38.9187,-79.7729",,Stuart Recreation Area,-6.923700000000001,slightly cooler
3641,"Not specifically designed for RVs, but online videos suggest that at least a few of the sites should be able to accommodate a camper van.",,"38.9315,-79.6807",,Bear Heaven Campground,-11.66184,cooler
2762,,,"38.7624,-78.2966",,Mathews Arm Campground,-8.22186,slightly cooler
2614,", private campground, $40/night incl fees.",,"39.6390,-79.1112",,Sleepy Hollow Campground,-9.273240000000005,cooler
2700,,,"39.3991,-79.2659",,Wolf Den Run State Park,-9.145619999999996,cooler
1479,,lake,"39.5442,-79.1385",https://parkreservations.maryland.gov,Big Run State Park,-5.054399999999993,slightly cooler
1886,Part of Savage River State Forest,stream,"39.5731,-79.1594",https://parkreservations.maryland.gov,Big Run Campground,-6.557219999999994,slightly cooler
534,,,"35.4479,-80.0787",,Badin Lake Campground,5.688540000000006,slightly warmer
433,,,"33.8409,-82.3360",,Hawe Creek Campground,8.943840000000005,slightly warmer
347,,,"33.6515,-82.4226",,Winfield Campground,9.588960000000002,warmer
406,,,"33.7224,-82.2175",,Modoc Campground,9.250739999999999,warmer
423,,,"33.6577,-82.2606",,Petersburg Campground,9.308700000000004,warmer
439,,,"33.6659,-82.2293",,LAKE SPRINGS,9.23544,warmer
387,,,"33.6800,-82.2591",,US Corps of Engineers Ridge Rd. Campground,9.397260000000001,warmer
269,,,"34.4309,-80.8704",,Lake Wateree State Park,8.46684,slightly warmer
616,,,"34.6310,-81.7390",,Sedalia Campground,6.86646,slightly warmer
580,,,"34.4481,-81.7068",,Brick House Campground,7.324380000000006,slightly warmer
360,,,"34.0852,-81.4079",,Dreher Island State Park,8.7615,slightly warmer
190,,,"36.2458,-77.8927",,Medoc Mountain State Park Campground,5.480819999999996,slightly warmer
104,,,"30.4004,-81.9277",,Cary Campground,16.306739999999998,much warmer
360,,,"36.4123,-78.3982",,Nutbush Bridge Campground,4.572719999999997,slightly warmer
360,,,"36.5202,-78.3199",,"Kerr Lake, County Line Camping",4.378499999999995,slightly warmer
360,,,"36.4590,-78.3666",,Bullocksville Park,4.488659999999995,slightly warmer
344,,,"36.5357,-78.3102",,Kimball Point Campground,4.409100000000003,slightly warmer
354,,,"36.4328,-78.3732",,J C Cooper Campground,4.55922,slightly warmer
354,,,"36.5102,-78.3700",,Hibernia,4.419900000000005,slightly warmer
324,,,"36.5350,-78.3459",,Henderson Point Campground,4.480560000000006,slightly warmer
2486,"Best sites according to www.youtube.com/watch?v=HhmVrsQAuR8: 1*, 16, 20, 21, 22**, 24, 26, 27, 28, 29, 43*, 45, 47, 48, 50*",,"40.2892,-78.5898",,Blue Knob State Park Campground,-9.987300000000001,cooler
1171,,,"39.5110,-78.1539",https://wvdnr.gov/lands-waters/wildlife-management-areas/,Sleepy Creek WMA Camping Area,-3.894840000000005,similar
2290,,,"39.2498,-78.7506",https://wvdnr.gov/lands-waters/wildlife-management-areas/,Nathaniel Mountain WMA dispersed camping,-7.4143799999999995,slightly cooler
2286,,,"39.2055,-78.6669",https://wvdnr.gov/lands-waters/wildlife-management-areas/,Short Mountain WMA dispersed camping,-7.322940000000002,slightly cooler
492,"waterfront with view: 319, 320; waterfront w/partial view: 316, 317, 318, 321; water view: 279, 280, 281, 294, 295, 296; private: 164",lake,"40.0612,-76.8981",https://pennsylvaniastateparks.reserveamerica.com/camping/gifford-pinchot-state-park/r/campgroundDetails.do?contractCode=PA&parkId=880306,Gifford Pinchot State Park Campground,-2.463299999999999,similar
3038,,,"38.3415,-80.2306",,Tea Creek Campground,-8.447040000000005,slightly cooler
1742,"Seneca Shadows is the newest campground in the Spruce Knob-Seneca Rocks National Recreation Area. Many sites offer outstanding views of the 900 foot Seneca Rocks. This is a modern campground with flush toilets, lantern posts, picnic tables and campfire rings. The large facility has a selection of walk-to tent sites, standard RV sites and tent-only group sites.",,"38.8237,-79.3866",,Seneca Shadows Campground,-4.693500000000004,slightly cooler
3146,,,"38.2871,-80.2156",,Day Run Campground,-8.735220000000004,slightly cooler
3143,,,"38.3385,-80.4890",,Bishop Knob Campground,-8.816040000000005,slightly cooler
1922,,,"37.9204,-80.2709",,Blue Bend Campground,-3.711060000000001,similar
3077,"A primitive camping area next to a 22-acre lake stocked with trout, suitable for fishing and kayaking. Limited dispersed sites are available, primarily for tents or small RVs. The area is open from March to November.  Popular with anglers, this quiet retreat is ideal for a long weekend. Nearby Long Run and East Fork of the Greenbrier River offer additional fishing opportunities.",,"38.5324,-79.7028",,Lake Buffalo Recreation Area,-8.931060000000004,slightly cooler
3231,"15 numbered sites along the Little River, suitable for tents and small to medium RVs. The setting is peaceful with access to the West Fork Rail Trail and fishing opportunities. The narrow gravel road may be tricky for larger rigs.  Very remote with no cell service, ideal for those seeking solitude. Sites fill up on weekends.",,"38.6502,-79.7462",,Little River Dispersed Camping,-9.692999999999996,cooler
246,,,"38.4769,-77.7814",,C.F. Phelps WMA Public Parking,1.2659399999999994,similar
360,"Several RV sites adjacent to the river, some may have partial river views",,"41.0123,-75.0858",,Worthington State Forest Campsite,-3.7072800000000057,similar
2280,"Numerous waterfront sites, some of which may have a partial lake view",,"41.3360,-76.2607",,Ricketts Glen State Park,-11.134439999999998,cooler
1994,"Some sites from 91-131 may have partial lake view, of which CampsitePhotos.com recommends 101, 111, 113, 115, 117, and 119",,"41.2191,-75.4054",,Tobyhanna State Park,-9.906119999999996,cooler
1778,Pickerel Point Campground has RV spots with partial lake views and reasonably easy lake access,lake,"41.3132,-75.2089",https://pennsylvaniastateparks.reserveamerica.com/camping/promised-land-state-park/r/campgroundDetails.do?contractCode=PA&parkId=880414,Promised Land State Park,-9.303300000000004,cooler
964,"numerous dispersed campsites
Must register at Green Ridge State Forest Headquarters
301-478-3124",,"39.6651,-78.4431",,Green Ridge State Forest Headquarters,-3.4351200000000044,similar
1049,,,"39.5679,-78.3611",,Gary's Family Campground,-3.564360000000003,similar
1200,multiple dispersed campsites,,"41.2520,-76.0560",https://pennsylvaniastateparks.reserveamerica.com/camping/pinchot-state-forest/r/campgroundDetails.do?contractCode=PA&parkId=880252#sr_a,Moon Lake State Recreation Area,-7.1339400000000035,slightly cooler
2001,,,"41.2520,-75.6337",https://pennsylvaniastateparks.reserveamerica.com/campsiteDetails.do?contractCode=PA&siteId=23634&parkId=880252,001 Carvolth,-9.988740000000005,cooler
2116,003 Sassafras Hill,,"41.2293,-75.6069",https://pennsylvaniastateparks.reserveamerica.com/camping/pinchot-state-forest,003 Sassafras Hill,-10.357380000000004,cooler
1788,dispersed sites nearby,,"41.2068,-75.6109",https://pennsylvaniastateparks.reserveamerica.com/camping/pinchot-state-forest,Manny Gordon Pavilion,-9.146880000000001,cooler
1512,,,"41.3047,-75.1010",,State Forest Campsite #E011,-8.340299999999994,slightly cooler
1322,,,"41.2590,-74.9929",,Delaware State Forest campsite #E014,-7.57944,slightly cooler
1437,,,"41.2525,-75.1113",,highline campsite E-9,-7.977239999999996,slightly cooler
1273,,,"41.2328,-75.1083",,E8 - Bridge Camp,-7.356779999999996,slightly cooler
1207,,,"41.1599,-75.0821",,State Forest Campsite #S006,-6.99156,slightly cooler
1138,,,"41.1462,-75.1973",,State Forest Campsite #S001,-6.7212000000000005,slightly cooler
872,Delaware State Forest dispersed sites,,"41.1238,-75.2166",,"S005 Brodhead Creek, Snow Hill",-5.733180000000005,slightly cooler
561,Dispersed sites nearby.,,"40.5986,-76.0245",https://pennsylvaniastateparks.reserveamerica.com,Weiser State Forest,-3.6763199999999956,similar
554,,,"42.7231,-76.9015",,Sampson State Park,-7.477020000000004,slightly cooler
1145,,,"41.9807,-77.1898",,Tompkins Campground,-8.246699999999997,slightly cooler
1184,,,"41.8871,-77.1791",,Ives Run Campground,-8.218619999999994,slightly cooler
239,,,"35.7326,-79.0172",,Jordan Lake State Recreation Area,6.229080000000004,slightly warmer
59,"After-hours gate code from confirmation email required after 6pm
(352) 669-0078",,"28.9785,-81.5523",https://www.recreation.gov/camping/campgrounds/234033,Clearwater Lake campground,19.029960000000003,hot
65,,,"29.2753,-81.6928",,Hopkins Prairie Campground,18.47232,much warmer
124,campground is closed for a waterline project and will remain closed throughout 2025,,"28.7089,-81.4745",,Wekiwa Springs State Park Campground,19.28124,hot
65,,,"28.9480,-81.3353",,Blue Spring State Park Campground,19.06146,hot
187,,,"29.8369,-81.9501",,Mike Roess Gold Head Branch State Park,17.02854,much warmer
91,,,"29.5260,-82.2946",,Paynes Prairie Camping,17.92746,much warmer
39,,,"29.0879,-82.4221",,Rainbow Springs State Park Campground,18.90324,much warmer
65,,,"29.5211,-81.7953",,Rodman Campground,18.029880000000002,much warmer
88,,,"29.0383,-82.2395",,Shangrila Campgrounds,18.817020000000003,much warmer
65,,,"29.0391,-82.2963",,Ross Prairie Campground,18.89748,much warmer
121,,,"28.8564,-81.9026",,Lake Griffin State Park,19.027440000000002,hot
32,,,"27.1721,-82.4649",,Oscar Scherer State Park Campground,22.37508,hot
121,,,"28.2893,-82.0417",,Colt Creek State Park Campground,20.04822,hot
137,,,"28.4470,-81.7411",,Lake Louisa State Park,19.70586,hot
108,,,"27.7782,-82.1391",,Alafia River State Park- Campground,21.015000000000004,hot
78,,,"27.9472,-81.3515",,Lake Kissimmee Campground,20.816100000000002,hot
131,,,"27.4747,-81.5303",,Highlands Hammock State Park Campground,21.479400000000002,hot
75,,,"27.5822,-81.0435",,Kissimmee Prairie Preserve Family Campground,21.4848,hot
78,,,"28.5750,-82.2187",,Silver Lake Campground,19.68606,hot
85,,,"28.8004,-82.3826",,Holder Mine Campground,19.25694,hot
26,,,"29.2075,-81.1776",,Tiger Bay State Forest,18.73476,much warmer
85,(352) 797-4140,,"28.5765,-82.1992",,River Junction Campground Withalacochee State Forest,19.65996,hot
85,(352) 797-4140,,"28.6194,-82.2412",,"Hog Island Recreation Area, Campground & Kayak Launch",19.58274,hot
62,,,"28.7583,-82.3543",,Mutual Mine Campground,19.414620000000003,hot
3,(904) 255-4255,,"30.4066,-81.4119",https://fljacksonweb.myvscloud.com,Huguenot Campground,16.65828,much warmer
36,(904) 255-4255,,"30.3639,-81.4018",https://fljacksonweb.myvscloud.com,Hanna Park Campground,16.618139999999997,much warmer
49,"RVLife 9.5/10
912-882-5256",,"30.8407,-81.5514",https://gastateparks.org/CrookedRiver,Crooked River State Park,15.713100000000003,much warmer
52,912-279-2812 Mon-Sat 8:30am-5pm,,"31.1559,-81.5429",,Blythe Island Regional Park,15.134040000000004,much warmer
-9,"Recommended in _Where_Should_We_Camp_Next?_
RVLife 9.4/10",,"33.5064,-79.0636",,Huntington Beach State Park Campground,11.125440000000001,warmer
-6,"Recommended in _Where_Should_We_Camp_Next?_
843-238-5325
RVLife 8.6/10",,"33.6541,-78.9276",https://southcarolinaparks.com/myrtle-beach/camping,Myrtle Beach State Park Campground,10.84788,warmer
137,RVLife 8.6/10,,"33.0625,-80.6159",,Colleton State Park,11.397960000000001,warmer
22,"Recommended in _Where_Should_We_Camp_Next?_
RVLife 8.7/10",,"32.0231,-80.8512",,Rivers End Campground & RV Park,13.678380000000002,warmer
6,"Recommended in _Where_Should_We_Camp_Next?_ by Stephanie Puglisi
RVLife 9.1/10",,"32.3844,-80.4317",,Hunting Island Campground,13.086540000000001,warmer
55,"Recommended in _Where_Should_We_Camp_Next?_ by Stephanie Puglisi
RVLife 9.2/10",,"31.9548,-81.0526",https://thedyrt.com/press/2025-best-places-to-camp-in-the-southeast-region/,Skidaway Island State Park,13.684320000000003,warmer
68,"RFLife 9.2/10
912-727-2339 or 912-727-4058",,"31.8843,-81.1807",,Fort McAllister Campground,13.764420000000001,warmer
22,RVLife 9.4/10,,"31.4246,-81.4887",,Cat Head Creek RV Park,14.755679999999996,much warmer
29,No check-in after 6pm.  RVLife 8.8/10,,"31.5378,-81.4573",,McIntosh Lake RV Park,14.528519999999999,much warmer
42,RVLife 7.3/10,,"31.6137,-81.4017",,South Newport Campground,14.345099999999997,much warmer
1456,,,"37.1965,-82.4402",,Pound River Campground,-0.7466400000000001,similar
928,"Sites are out in the open, but the park is worth seeing.
Recommended in _Where_Should_We_Camp_Next?_ by Stephanie Puglisi",,"40.6096,-82.2576",,Mohican State Park Campground,-5.006520000000001,slightly cooler
931,Recommended in _Where_Should_We_Camp_Next?_ by Stephanie Puglisi,,"39.4375,-82.5381",,Old Man's Cave Campground,-2.9084399999999997,similar
633,Recommended in _Where_Should_We_Camp_Next?_ by Stephanie Puglisi,,"44.0515,-86.4945",,Ludington State Park and Campgrounds,-10.148939999999996,cooler
636,Recommended in _Where_Should_We_Camp_Next?_ by Stephanie Puglisi,,"46.6032,-85.1979",,Lower Falls Portage Campground,-14.7537,much cooler
606,Recommended in _Where_Should_We_Camp_Next?_ by Stephanie Puglisi,,"44.7156,-86.1160",,Platte River Campground,-11.250720000000003,cooler
292,Recommended in _Where_Should_We_Camp_Next?_ by Stephanie Puglisi,,"36.3634,-89.4330",,Reelfoot State Park Campground,4.906440000000003,slightly warmer
2306,Recommended in _Where_Should_We_Camp_Next?_ by Stephanie Puglisi,,"35.5592,-83.3118",,Smokemont Campground,-0.8297999999999942,similar
787,Recommended in _Where_Should_We_Camp_Next?_ by Stephanie Puglisi,,"37.1820,-86.0968",,Mammoth Cave Campground,1.6662599999999963,similar
544,Recommended in _Where_Should_We_Camp_Next?_ by Stephanie Puglisi,,"37.3452,-86.1272",,Wax Campground,2.2383000000000033,similar
1771,Recommended in _Where_Should_We_Camp_Next?_ by Stephanie Puglisi,,"34.8395,-85.4840",,Cloudland Canyon State Park,2.3727599999999986,similar
1883,Recommended in _Where_Should_We_Camp_Next?_ by Stephanie Puglisi,,"36.3829,-81.0225",,Stone Mountain State Park,-0.8031599999999987,similar
29,Recommended in _Where_Should_We_Camp_Next?_ by Stephanie Puglisi,,"30.3711,-86.2748",https://thedyrt.com/press/2025-best-places-to-camp-in-the-southeast-region/,Topsail Hill Preserve State Park,16.628580000000003,much warmer
187,Recommended in _Where_Should_We_Camp_Next?_ by Stephanie Puglisi,,"32.3586,-86.4548",,Gunter Hill Campground,12.489479999999995,warmer
1610,Recommended in _Where_Should_We_Camp_Next?_ by Stephanie Puglisi,,"34.4971,-85.6273",,DeSoto State Park,3.562379999999995,similar
2139,Recommended in _Where_Should_We_Camp_Next?_ by Stephanie Puglisi,,"33.4786,-85.8094",,Cheaha State Park,3.5119800000000008,similar
1620,Recommended in _Where_Should_We_Camp_Next?_ by Stephanie Puglisi,,"34.7455,-86.5121",,Monte Sano State Park Campground,3.0801600000000007,similar
19,Recommended in _Where_Should_We_Camp_Next?_ by Stephanie Puglisi,,"30.2600,-87.6486",,Gulf State Park Campground,16.86366,much warmer
1870,Recommended in _Where_Should_We_Camp_Next?_ by Stephanie Puglisi,,"41.6975,-77.4497",,Leonard Harrison campground,-10.322639999999996,cooler
2339,Recommended in _Where_Should_We_Camp_Next?_ by Stephanie Puglisi,,"42.8912,-73.0385",,Woodford State Park,-14.144399999999996,much cooler
616,Recommended in _Where_Should_We_Camp_Next?_ by Stephanie Puglisi,,"41.9220,-71.7550",,George Washington State Campground and Management Area,-6.257339999999995,slightly cooler
108,Recommended in _Where_Should_We_Camp_Next?_ by Stephanie Puglisi,,"41.3618,-71.7013",,Burlingame State Campgrounds,-3.435480000000004,similar
515,Recommended in _Where_Should_We_Camp_Next?_ by Stephanie Puglisi,,"43.5737,-71.3544",,Ellacoya State Park,-8.867700000000005,slightly cooler
1775,Limited number of RV spots.  $40 non-resident.  Recommended in _Where_Should_We_Camp_Next?_ by Stephanie Puglisi,,"42.2334,-73.2746",,Beartown State Forest,-10.947960000000005,cooler
190,Recommended in _Where_Should_We_Camp_Next?_ by Stephanie Puglisi,bay,"44.3814,-68.0644","https://www.nps.gov/acad/planyourvisit/schoodic-woods-campground.htm
https://www.recreation.gov/camping/campgrounds/251833
https://thedyrt.com/camping/maine/schoodic-woods-campground",Schoodic Woods Campground,-9.16326,cooler
219,Recommended in _Where_Should_We_Camp_Next?_ by Stephanie Puglisi,bay,"44.2311,-69.0483",,Camden Hills State Park,-8.998019999999997,slightly cooler
413,Recommended in _Where_Should_We_Camp_Next?_ by Stephanie Puglisi,,"41.6469,-73.0967",,Black Rock State Park,-5.036760000000005,slightly cooler
6,Recommended in _Where_Should_We_Camp_Next?_ by Stephanie Puglisi,,"41.2667,-72.5584",,Hammonasset Beach State Park,-2.9016,similar
984,Recommended in _Where_Should_We_Camp_Next?_ by Stephanie Puglisi,,"42.3705,-76.8824",,Watkins Glen State Park Six Nations Camping Area,-8.375039999999998,slightly cooler
915,Recommended in _Where_Should_We_Camp_Next?_ by Stephanie Puglisi,,"42.6975,-77.9373",,Letchworth State Park Campground,-8.717939999999995,slightly cooler
42,Recommended in _Where_Should_We_Camp_Next?_ by Stephanie Puglisi,,"38.9745,-75.5350",,Killens Pond State Park Campground,1.0956600000000019,similar
1151,,,"39.2802,-80.0108",,Tygart Lake State Park,-3.409200000000001,similar
1171,,,"37.5419,-79.5834",https://www.fs.usda.gov/r08/gwj/recreation/north-creek-campground,North Creek Campground,-0.3504599999999966,similar
1253,,,"37.5757,-79.5346",https://www.fs.usda.gov/r08/gwj/recreation/cave-mountain-lake-recreation-area,Cave Mountain Lake Campground,-0.7037999999999957,similar
1880,,,"37.9195,-79.0073",,Sherando Lake Recreation Area,-3.5573399999999986,similar
9,Recommended in _Where_Should_We_Camp_Next?_ by Stephanie Puglisi,,"32.7369,-79.9924",,Campground at James Island County Park,12.440340000000003,warmer
1086,Recommended in _Where_Should_We_Camp_Next?_ by Stephanie Puglisi,,"34.9251,-82.3744",,Paris Mountain State Park Campground,4.6639800000000005,slightly warmer
3717,"Smallish heavily-wooded back-in site with a fairly level parking area.  Stopped here briefly on the morning of April 6, 2025 and had dinner here on the evening of November 8, 2025",,"39.0889,-79.4531",https://www.fs.usda.gov/r09/monongahela/recreation/canaan-mountain-backcountry,Canaan Loop Road dispersed campsite #1,-12.214260000000005,cooler
3720,,,"39.0846,-79.4591",https://www.fs.usda.gov/r09/monongahela/recreation/canaan-mountain-backcountry,Canaan Loop Road dispersed campsite #2,-12.218220000000002,cooler
3714,,,"39.0818,-79.4625",https://www.fs.usda.gov/r09/monongahela/recreation/canaan-mountain-backcountry,Canaan Loop Road dispersed campsite #3,-12.189780000000003,cooler
3720,,,"39.0776,-79.4666",https://www.fs.usda.gov/r09/monongahela/recreation/canaan-mountain-backcountry,Canaan Loop Road dispersed campsite #4,-12.205619999999994,cooler
3648,"Small site right along the side of the road with almost no trees and a big view of sky.  Camped here on November 8, 2025",,"39.0726,-79.4732",https://www.fs.usda.gov/r09/monongahela/recreation/canaan-mountain-backcountry,Canaan Loop Road dispersed campsite #5,-11.939220000000002,cooler
3648,"Medium-sized site with almost no trees and a big view of the sky.  Camped here on April 5, 2025",,"39.0722,-79.4736",https://www.fs.usda.gov/r09/monongahela/recreation/canaan-mountain-backcountry,Canaan Loop Road dispersed campsite #6,-11.938500000000005,cooler
3714,,,"39.0693,-79.4767",https://www.fs.usda.gov/r09/monongahela/recreation/canaan-mountain-backcountry,Canaan Loop Road dispersed campsite #7,-12.167279999999996,cooler
3638,,,"39.0680,-79.4854",https://www.fs.usda.gov/r09/monongahela/recreation/canaan-mountain-backcountry,Canaan Loop Road dispersed campsite #8,-11.895839999999996,cooler
3399,,,"39.0643,-79.5059",https://www.fs.usda.gov/r09/monongahela/recreation/canaan-mountain-backcountry,Canaan Loop Road possible dispersed campsite,-11.035080000000006,cooler
3290,Beautiful site at the confluence of two creeks,,"39.0570,-79.5182",https://www.fs.usda.gov/r09/monongahela/recreation/canaan-mountain-backcountry,Canaan Loop Road dispersed campsite #12,-10.635840000000004,cooler
2181,,,"37.6170,-80.9205",,Bluestone State Park,-4.089239999999995,slightly cooler
252,,,"36.6166,-78.2875",https://tmbtent.com/virginia-free-dispersed-camping/,Dick Cross Wildlife Management Area,4.591080000000003,slightly warmer
1617,Rapidan WMA permit required,,"38.4212,-78.4062",https://tmbtent.com/virginia-free-dispersed-camping/,Rapidan WMA,-3.524399999999998,similar
839,,,"36.7900,-79.3297",https://tmbtent.com/virginia-free-dispersed-camping/,White Oak Mountain Wildlife Management Area,2.1846600000000023,similar
328,,,"37.4674,-77.9110",https://tmbtent.com/virginia-free-dispersed-camping/,Amelia Wildlife Management Area,2.790540000000004,similar
2408,,,"37.1991,-80.8851",https://tmbtent.com/virginia-free-dispersed-camping/,Walnut Flats Campground,-4.144320000000002,slightly cooler
1545,"Sites on the north side of the road have great views, and the site closest to the river has water access.",,"38.1539,-79.5968",https://tmbtent.com/virginia-free-dispersed-camping/,Scotchtown Draft dispersed camping area,-2.78586,similar
1719,,,"37.7479,-79.2648",https://tmbtent.com/virginia-free-dispersed-camping/,Oronoco Campground,-2.675160000000002,similar
22,,,"37.2652,-76.8722",https://campingprepper.com/best-virginia-rv-campgrounds/,Chickahominy Riverfront Park,4.2426,slightly warmer
3031,Closed for 2025 due to Helene storm damage,,"35.7516,-82.2209","https://www.fs.usda.gov/r08/northcarolina/recreation/black-mountain-campground
https://www.recreation.gov/camping/campgrounds/273780
https://campingprepper.com/asheville-nc-campgrounds/",Black Mountain Campground,-3.761820000000005,similar
4947,,,"35.4029,-82.7568","https://www.recreation.gov/camping/campgrounds/234182
https://campingprepper.com/asheville-nc-campgrounds/",Mount Pisgah Campground,-9.966960000000004,cooler
2345,,,"35.4877,-82.6297",https://campingprepper.com/asheville-nc-campgrounds/,Lake Powhatan Recreation Area & Campground,-0.8414999999999933,similar
1978,$40 primitive riverside RV sites.,,"35.5660,-82.5874",https://campingprepper.com/asheville-nc-campgrounds/,Wilson's Riverfront RV Park,0.32795999999999587,similar
19,,,"37.1445,-76.6848",,Hog Island Wildlife Management Area - Carlisle Tract,4.471559999999999,slightly warmer
52,,,"37.3176,-76.9127",,Chickahominy Wildlife Management Area,4.042980000000002,slightly warmer
337,,,"37.7568,-78.4286",,Hardware River Wildlife Management Area,2.2345200000000034,similar
406,,,"37.3741,-78.5803",,Featherfin Wildlife Management Area,2.6776800000000027,similar
511,,,"37.1756,-78.2787",,Twin Lakes State Park,2.660579999999995,similar
328,,,"37.5320,-78.2732",,Bear Creek Lake State Park,2.6742600000000065,similar
547,,,"37.3980,-78.6414",,Holliday Lake State Park,2.131559999999994,similar
501,,,"37.1967,-78.4373",,Briery Creek Wildlife Management Area,2.6577,similar
2060,,,"38.1855,-79.8263",,Bath County Recreational Campground,-4.679639999999996,slightly cooler
1049,,,"36.1252,-81.2428","https://www.saw.usace.army.mil/Locations/District-Lakes-and-Dams/W-Kerr-Scott/Recreation/Recreation-Areas/
https://www.recreation.gov/camping/campgrounds/233421",Bandits Roost Campground,2.632500000000001,similar
1204,,,"36.7884,-80.0947",,Fairy Stone State Park,0.8888399999999953,similar
360,,,"36.0230,-78.6994",,Falls Lake State Recreation Area,5.273459999999995,slightly warmer
2214,campingprepper.com/best-west-virginia-rv-campgrounds,,"39.6803,-79.7806",,Chestnut Ridge Regional Park,-7.920180000000004,slightly cooler
2765,campingprepper.com/best-west-virginia-rv-campgrounds,,"37.5187,-80.9820",,Pipestem Campground,-5.994900000000005,slightly cooler
2736,campingprepper.com/best-west-virginia-rv-campgrounds,,"38.0063,-80.0109",,Lake Sherwood Recreation Area,-6.767280000000005,slightly cooler
1738,campingprepper.com/best-west-virginia-rv-campgrounds,,"38.6653,-80.3545",,Holly River State Park,-4.3966800000000035,slightly cooler
2037,Voted best campground in WV.  campingprepper.com/best-west-virginia-rv-campgrounds.  Primitive campsites seem to be available at a reasonable price for small RVs.,,"38.1995,-80.8666",,Summersville Lake Retreat & Lighthouse,-4.622940000000001,slightly cooler
882,campingprepper.com/best-west-virginia-rv-campgrounds,,"38.7935,-80.5614",,Bulltown Campground,-1.5737400000000026,similar
938,campingprepper.com/best-west-virginia-rv-campgrounds,,"38.6348,-80.5746",,Baker's Run Campground,-1.4869799999999969,similar
1246,campingprepper.com/best-west-virginia-rv-campgrounds,,"38.8897,-79.2388",,Big Bend Campground,-3.0455999999999954,similar
6,Spruill Conservation Farm in Hipcamp.  Beautiful soundfront views.,,"35.9416,-76.5756",,Spruill Farm Landing,6.683579999999998,slightly warmer
1925,"County Line Parking Area, Thompson WMA, permit required",,"38.9807,-78.0037",,1560 Fire Trail Rd,-5.631299999999998,slightly cooler
1834,"Appalachian Trail Parking Area, Thompson WMA, permit required",,"38.9854,-77.9996",,1690 Fire Trail Rd,-5.312159999999997,slightly cooler
1748,"Orchard Parking Area, Thompson WMA, permit required",,"38.9918,-77.9946",,1868 Fire Trail Rd,-5.019479999999995,slightly cooler
2044,"Ridge Parking Area, Thompson WMA, permit required",,"38.9676,-78.0183",,300 Fire Trail Rd,-6.028919999999995,slightly cooler
2050,"Rock Spring Parking Area, Thompson WMA, permit required",,"38.9716,-78.0176",,630 Fire Trail Rd,-6.059520000000004,slightly cooler
2309,"Cherry Springs State Park is nearly as remote and wild today as it was two centuries ago. Its dark skies make it a haven for astronomers. Due to its exceptionally dark skies, Cherry Springs State Park is one of the best places on the eastern seaboard for stargazing and the science of astronomy",,"41.6633,-77.8193",,Cherry Springs State Park Rustic Campground,-11.828879999999998,cooler
3927,"Nestled at the base of the iconic Watchman Peak, this campground offers dramatic views of red sandstone cliffs and the Virgin River. The towering formations create a breathtaking backdrop, especially at sunrise or sunset.",,"37.1964,-112.9876",,Watchman Campground,-9.556559999999996,cooler
8337,"Perched on the quieter, less-visited North Rim, this campground provides jaw-dropping vistas of the Grand Canyon’s vast expanse. The elevation and remoteness enhance the sweeping views of the canyon’s layered cliffs.",,"36.2088,-112.0602",,North Rim Campground,-23.503679999999992,much cooler
8517,"Located near Aspen, this campground frames the iconic Maroon Bells—twin peaks rising above Maroon Lake. The rugged Elk Mountains and golden aspens in fall make it a postcard-worthy spot.",,"39.1428,-106.8953",,Silver Bell,-29.42838,much cooler
242,"Perched above the Pacific Ocean along the rugged Big Sur coast, this spot offers panoramic views of waves crashing against cliffs. The sunrise over the water is a highlight, with trails leading to redwoods and waterfalls nearby.",,"35.9900,-121.4957",,Kirk Creek Campground,5.754059999999996,slightly warmer
4928,"Surrounded by jagged peaks and Swiftcurrent Lake, this campground boasts stunning views of Glacier’s iconic mountains. The reflective waters and frequent wildlife sightings add to the spectacle.",,"48.7967,-113.6773",,Many Glacier Campground,-34.00560000000001,much cooler
8651,"High in the Sierra Nevada, this campground features sweeping views of granite domes, meadows, and waterfalls. The open landscape showcases Yosemite’s alpine splendor, especially with wildflowers in summer.",,"37.8712,-119.3577",,Tuolumne Meadows Campground,-27.619200000000003,much cooler
49,"Overlooking the Pacific Ocean, this campground provides dramatic coastal views from bluff-top sites. Driftwood-strewn beaches and the sound of crashing waves make it a striking spot year-round.",,"47.6130,-124.3761",,Kalaloch Campground,-14.47704,much cooler
19,"Tucked along the shores of Glacier Bay, this remote site offers views of icy waters, dense forests, and distant snow-capped peaks. Kayaking reveals even more of the area’s wild beauty.",,"58.4509,-135.8938",,Bartlett Cove Campground,-33.87996,much cooler
5974,"Just outside Arches and Canyonlands, this campground overlooks the Colorado River’s dramatic 2,000-foot cliffs. The sunrise casts a fiery glow over the desert landscape, rivaling the Grand Canyon in grandeur.",,"38.4860,-109.7404",,Kayenta Campground,-19.178639999999994,much cooler
72,"Amid Florida’s subtropical wilderness, this campground offers views of crystal-clear springs and ancient cypress trees. The lush greenery and water reflections create a tranquil, unique vista.",,"29.1839,-81.7120",,Juniper Springs Campground,18.613439999999997,much warmer
472,"Along the Green River, this site provides scenic river views framed by limestone bluffs and hardwood forests. The rolling hills hint at the vast cave system below.",,"37.2015,-86.2377",,Houchin Ferry Campground,2.754359999999995,similar
1312,"East of the Mississippi in northern Minnesota, this campground overlooks shimmering lakes surrounded by dense woods. The peaceful water views and vibrant autumn colors stand out.",,"46.8264,-93.1515",,Savanna Portage State Park Campground,-17.565659999999998,much cooler
2168,"Near the Blue Ridge Parkway, this campground features views of rugged Appalachian peaks and cascading waterfalls like Looking Glass Falls. The dense forest adds depth to the landscape.",,"35.2812,-82.7226",,Davidson River Campground,0.16200000000000375,similar
1607,"Set in the heart of the Adirondacks, this spot offers serene lake views framed by forested peaks. The reflection of mountains in the water creates a pristine wilderness scene.",,"44.2055,-74.8312",,Cranberry Lake Campground,-13.90104,cooler
2260,"Surrounded by misty ridges and lush forests, this site delivers breathtaking views of the Smokies’ rolling peaks. The elevation and vibrant fall foliage amplify the scenery.",,"35.6577,-83.5835",,Elkmont Campground,-0.8432999999999963,similar
662,,,"44.2817,-86.3153",,Orchard Beach State Park,-10.668600000000001,cooler
3198,,,"48.5263,-113.9820",,Apgar Campground,-27.352979999999995,much cooler
42,,,"41.0085,-72.0102",,Hither Hills State Park Campground,-2.565539999999996,similar
36,,,"45.3660,-123.9687",,Cape Lookout State Park Campground,-10.38564,cooler
987,,,"43.4284,-89.7314",,Devil's Lake State Park,-10.290960000000007,cooler
98,,,"48.3994,-122.6593",,Deception Pass Camp,-16.068060000000003,much cooler
4367,,,"33.9917,-116.0628",,Jumbo Rocks Campground,-5.355900000000002,slightly cooler
2539,,,"43.8941,-102.4144",,Sage Creek Campground,-16.663320000000002,much cooler
1886,,,"42.8525,-72.8149",,Molly Stark State Park,-12.460139999999999,cooler
521,,,"43.4816,-73.2049",,Lake St. Catherine State Park,-8.725320000000002,slightly cooler
777,,,"43.2808,-73.0049",,Emerald Lake State Park,-9.27648,cooler
1689,,,"43.5517,-72.6975",,Coolidge State Park,-13.016699999999995,cooler
679,,,"43.1057,-72.7733",,Jamaica State Park,-8.610299999999997,slightly cooler
869,,,"40.0321,-77.2928",,Pine Grove Furnace State Park,-3.75642,similar
1466,,,"40.5095,-76.7498",,Weiser State Forest (Halderman Tract) Campsite H4 Tract),-6.7451400000000055,slightly cooler
1565,,,"40.5674,-76.6026",,Weiser State Forest Greenland Tract,-7.200359999999999,slightly cooler
1253,,,"40.7850,-76.1195",,Locust Lake State Park Campground,-6.480539999999993,slightly cooler
1138,,,"41.3407,-75.8926",,Frances Slocum State Park,-7.071299999999996,slightly cooler
974,,,"41.5627,-75.7067",,Lackawanna State Park,-6.8858999999999995,slightly cooler
1223,,,"41.9118,-75.8652",,Salt Springs State Park,-8.40348,slightly cooler
400,,,"43.4148,-73.7121",,Lake George Battleground State Campground,-8.172179999999999,slightly cooler
249,,,"45.0013,-74.8507",,Robert Moses State Park - Thousand Islands,-10.489680000000002,cooler
252,,,"44.8936,-75.1381",,Coles Creek State Park,-10.307519999999998,cooler
272,,,"44.3238,-75.9349",,Keewaydin State Park,-9.352079999999999,cooler
252,,,"44.3762,-75.8584",,Kring Point State Park,-9.376199999999995,cooler
269,,,"44.5614,-75.6846",,Jacques Cartier State Park,-9.768059999999998,cooler
255,,,"44.3323,-75.9908",,Dewolf Point State Park,-9.308879999999993,cooler
265,,,"44.3292,-76.0366",,Wellesley Island State Campground,-9.3384,cooler
259,,,"44.2798,-75.9990",,Grass Point State Park,-9.226080000000003,cooler
269,,,"43.7668,-76.2090",,Southwick Beach State Park,-8.337780000000006,slightly cooler
305,,,"43.3303,-76.6966",,Fair Haven Beach State Park,-7.680780000000002,slightly cooler
292,,,"43.3591,-77.9500",,Hamlin State Park Campground,-7.685819999999997,slightly cooler
272,,,"43.2736,-78.9960",,Four Mile Creek State Park,-7.461720000000004,slightly cooler
580,,,"42.6021,-79.1178",,Evangola State Park Campground,-7.35282,slightly cooler
692,,,"44.6157,-73.6078",,Macomb Reservation State Park,-11.375099999999994,cooler
1745,,,"42.5169,-75.6784",,Bowman Lake State Park,-11.35296,cooler
314,,,"43.5531,-76.2056",,Selkirk Shores State Park,-8.11692,slightly cooler
1692,,,"42.1879,-75.4188",,Oquaga Creek State Park,-10.573559999999997,cooler
1663,,,"42.5901,-75.1341",,Gilbert Lake State Park,-11.192219999999999,cooler
1246,,,"42.7867,-74.8621",,Glimmerglass State Park,-10.060200000000005,cooler
554,,,"43.2904,-75.4167",,Delta Lake State Park,-8.498159999999997,slightly cooler
928,,,"42.2156,-75.8342",,Chenango Valley State Park,-7.897320000000004,slightly cooler
492,,,"43.0582,-75.9715",,Green Lakes State Park,-7.857899999999998,slightly cooler
636,,,"42.4215,-79.4298",,Lake Erie State Park,-7.226640000000003,slightly cooler
403,,,"43.1767,-75.7293",,Verona Beach State Park,-7.755299999999995,slightly cooler
403,,,"43.2275,-76.1124",,Oneida Shores County Park,-7.846739999999999,slightly cooler
285,,,"44.2027,-76.1927",,Cedar Point State Park,-9.180900000000001,cooler
262,,,"44.1628,-76.2631",,Burnham Point State Park,-9.027179999999994,cooler
259,,,"44.0266,-76.2202",,Long Point State Park - Thousand Islands,-8.770320000000003,slightly cooler
288,,,"43.9001,-76.1227",,Westcott Beach State Park,-8.647920000000004,slightly cooler
285,,,"43.3668,-78.2361",,Lakeside Beach State Park,-7.676279999999997,slightly cooler
269,,,"43.3725,-78.4880",,Golden Hill State Park,-7.628040000000003,slightly cooler
1607,,,"43.9725,-74.1271",,Lake Harris,-13.481639999999993,cooler
1381,Road noise but close to Lake Placid,,"44.3501,-73.8608",,Wilmington Notch Campground,-13.354019999999995,cooler
1637,Road noise but close to Lake Placid,,"44.2981,-74.0750",,Meadowbrook Campground,-14.173019999999996,much cooler
137,,,"44.6872,-73.2928",,Grand Isle State Park,-9.526499999999995,cooler
898,,,"43.7694,-73.7891",,Scaroon Manor Campground,-10.588859999999995,cooler
1305,Possible issue with mosquitos.  Marsh nearby.,,"43.8403,-73.5670",,Putnam Pond Campground,-12.167279999999998,cooler
954,,,"43.8818,-73.6758",,Paradox Pond Campground,-10.990079999999997,cooler
1797,Small sites.  Bad road.  Poorly maintained.,,"43.9867,-74.4566",,Lake Eaton Campground,-14.185799999999997,much cooler
121,,,"44.7236,-73.4267",,Cumberland Bay State Park,-9.533519999999996,cooler
1735,,,"43.6744,-74.9869",,Nicks Lake Campground,-13.401359999999997,cooler
1768,,,"43.4934,-74.3982",,Moffitt Beach State Campground,-13.192560000000002,cooler
1935,,,"43.7180,-74.7957",,Limekiln State Campground,-14.193540000000006,much cooler
1660,,,"43.6474,-74.3888",,Lewey Lake Campsite,-13.083659999999995,cooler
1820,,,"43.8385,-74.3842",,Lake Durant State Campground,-14.000940000000007,much cooler
1811,,,"43.8162,-74.5954",,Golden Beach Campground,-13.925700000000003,cooler
1827,,,"43.7656,-74.7085",,Eighth Lake Campground,-13.893119999999998,cooler
1551,,,"44.5779,-74.2860",,Meacham Lake Campground,-14.372459999999998,much cooler
1604,Some people complain about noisy neighbors and loud motorboats.  Maybe avoid on weekends?,,"44.3040,-74.3590",,Fish Creek Pond Campground,-14.066640000000003,much cooler
1765,,,"44.3221,-72.2891",,New Discovery State Park,-14.672519999999999,much cooler
780,,,"44.3898,-72.7673",,Little River State Park,-11.284380000000002,cooler
1483,,,"44.5209,-72.7741",,Smugglers' Notch State Park Campground,-14.024159999999995,much cooler
1191,,,"44.5445,-72.5278",,Elmore State Park,-13.025339999999998,cooler
134,,,"44.0265,-73.4221",,Crown Point Campground,-8.325539999999997,slightly cooler
797,,,"43.1891,-74.1754",,Northampton Beach Campground,-9.181620000000006,cooler
1660,,,"44.5047,-74.1135",,Buck Pond Campground,-14.6268,much cooler
1584,,,"44.3101,-74.4083",,Rollins Pond Campground,-14.007419999999998,much cooler
433,,,"41.9563,-71.8987",,West Thompson Lake Campground,-5.663879999999997,slightly cooler
29,Hipcamp,,"25.4747,-80.5068",,Fresh Gardens,25.442100000000003,hot
22,Gate to the Keys (Hipcamp),,"25.4460,-80.5341",,Gate to the Keys (Hipcamp),25.517159999999997,hot
32,,,"25.1226,-80.4080",,John Pennekamp Camp Area,26.064180000000004,hot
9,,,"24.6582,-81.2768",,Bahia Honda State Park RV Campground,26.982,hot
49,,,"29.6689,-81.2522",,Faver-Dykes State Park Campground,17.82234,much warmer
32,,,"26.9913,-80.1420",,Jonathan Dickinson State Park River Campground,22.700520000000004,hot
45,,,"29.3390,-81.0818",,Tomoka State Park Campground,18.427860000000003,much warmer
675,,,"46.0073,-84.9737",,Brevort Lake Campground,-13.821480000000001,cooler
606,,,"44.8967,-86.0202",,D. H. Day Campground,-11.576700000000004,cooler
32,,,"30.3974,-88.7962",,Davis Bayou Campground,16.56954,much warmer
22,,,"30.3235,-87.2745",,Fort Pickens Campground,16.73766,much warmer
13,,,"35.2369,-75.6034",,Frisco Campground,7.928640000000003,slightly warmer
85,,,"29.3579,-81.7336",,Salt Springs Recreation Area,18.253439999999998,much warmer
19,,,"27.1115,-80.2841",,St. Lucie South Campground,22.53096,hot
39,,,"26.7879,-81.3073",,Ortona South Lock Campground,23.04324,hot
19,,,"26.7236,-81.6934",,W.P. Franklin North Campground,23.22918,hot
19,,,"25.7544,-80.9266",,Mitchell Landing Campground,24.97374,hot
6,,,"25.8935,-81.2302",,Burns Lake Campground - Big Cypress National Preserve,24.77016,hot
16,,,"25.8689,-81.1144",,Monument Lake Campground,24.779339999999998,hot
19,,,"25.8509,-80.9895",,Midway Campground,24.800040000000003,hot
39,,,"25.9917,-81.5917",,Collier-Seminole State Park,24.476399999999998,hot
29,,,"30.3144,-87.4114",,Big Lagoon State Park Campground,16.73064,much warmer
26,,,"30.3838,-86.4370",,Henderson Beach State Park Campers Beach,16.61742,much warmer
16,,,"30.1392,-85.7412",,Camping Area at St Andrew's State Park,17.0928,much warmer
13,,,"29.7800,-85.4061",,St Joseph Peninsula Campground,17.75106,much warmer
0,,,"27.8587,-80.4481",,Sebastian Inlet State Park Campground,21.256200000000003,hot
16,,,"30.3289,-86.1551",,Camp Grayton Beach State Park Campground,16.75134,much warmer
16,,,"29.7188,-84.7498",,Saint George Island State Campground,17.849519999999995,much warmer
1902,Numerous forest service campsites along the length of FR 344. Suitable for most vehicles.,,"39.0234,-78.7045",,Squirrel Gap campsite #5,-5.626260000000004,slightly cooler
1843,Numerous forest service campsites along the length of FR 344. Suitable for most vehicles.,,"39.0156,-78.7042",,Squirrel Gap campsite #4,-5.401619999999998,slightly cooler
1486,Numerous forest service campsites along the length of FR 344. Suitable for most vehicles.,,"39.0461,-78.6730",,Squirrel Gap campsite #3,-4.181220000000004,slightly cooler
1588,Numerous forest service campsites along the length of FR 344. Suitable for most vehicles.,,"39.0675,-78.6449",,Squirrel Gap site #2,-4.5824400000000045,slightly cooler
1561,Numerous forest service campsites along the length of FR 344. Suitable for most vehicles.,,"39.0668,-78.6400",,Squirrel Gap campsite #1,-4.487580000000001,slightly cooler
3897,campsite ~1/4 mi NE of Hone Quarry Ridge Trail,,"38.4912,-79.2133",,Flagpole rd site #3,-11.781899999999998,cooler
3996,campsite ~1/2 mi NE of Hone Quarry Ridge Trail,,"38.4926,-79.2108",,Flagpole rd site #2,-12.135420000000005,cooler
4176,campsite ~1/2 mile west of Flagpole knob,,"38.5082,-79.1889",,Flagpole Knob site #3,-12.807000000000004,cooler
4301,campsite just west of Flagpole Knob,,"38.5087,-79.1870",,Flagpole Knob site #2,-13.252499999999996,cooler
4065,campsite at Flagpole rd & Forest rd 85-4,,"38.5009,-79.2076",,Flagpole Rd Campsite,-12.396060000000002,cooler
626,,,"43.6615,-86.4950",,Silver Lake State Park Campground,-9.423539999999996,cooler
6263,,,"38.7292,-104.8329",,Cheyenne Mountain State Park,-20.645999999999997,much cooler
5600,,,"39.6502,-104.8390",,Cherry Creek State Park Campground,-19.940399999999997,much cooler
620,,,"46.5563,-85.0355",,Tahquamenon Falls State Park Rivermouth Campgrounds,-14.610780000000002,much cooler
1532,Hog Wild Farm,,"41.2968,-79.8880",,Hog Wild Farm,-8.396279999999996,slightly cooler
1709,,,"40.5209,-78.8771",,Gordon Glenn Woods,-7.631459999999995,slightly cooler
649,,,"46.6610,-85.5227",,Reed & Green Campground,-14.90454,much cooler
744,,,"46.6093,-85.2060",,Lower Falls Hemlock Campground,-15.150779999999996,much cooler
633,,,"46.6768,-85.7560",,Lake Superior State Forest Campground,-14.87448,much cooler
639,,,"46.6679,-85.7533",,Blind Sucker #2 State Forest Campground,-14.881860000000007,much cooler
685,,,"46.6439,-85.4165",,Pike Lake State Forest Campground,-15.002460000000003,much cooler
597,,,"46.6981,-85.4226",,Two Hearted River State Forest Campground,-14.784119999999994,much cooler
652,,,"46.6948,-85.3590",,Culhane Lake State Forest Campground,-14.97708,much cooler
626,,,"46.7071,-85.3354",,Bodi Lake State Forest Campground,-14.905619999999995,much cooler
639,,,"46.7032,-85.0352",,Andrus Lake State Forest Campground,-14.945400000000005,much cooler
59,,,"38.9776,-75.9294",,Tuckahoe State Park Campground,1.0315799999999957,similar
42,,,"38.8659,-75.8364",,Martinak State Park,1.291139999999994,similar
1033,,,"39.1777,-79.0575",,Just Plane Adventures,-2.8035000000000028,similar
856,,,"38.9998,-79.0269",,Riverside Cabins & RV Park,-1.8514800000000007,similar
1620,,,"39.1043,-79.6821",,Five River Campgrounds,-4.765680000000003,slightly cooler
1696,,,"39.0711,-79.6232",,Brooklyn Heights Riverfront Campground,-4.9750200000000016,slightly cooler
682,,,"39.4527,-77.6517",,20561 Park Hall Rd,-2.0466,similar
380,,,"38.7690,-77.3016",,Burke Lake Campgrounds,0.26046000000000313,similar
311,,,"38.9625,-77.3220",,Lake Fairfax Park Campground,0.15786000000000272,similar
1053,,,"40.3305,-78.4355",,Pat's Primitive Place,-4.948740000000002,slightly cooler
446,,,"39.4624,-77.7439",,Camp Battleview,-1.2216600000000042,similar
1463,,,"39.9004,-78.2958",,EZ Getaway,-5.6370599999999955,slightly cooler
698,,,"39.7034,-78.1075",,Estes Place,-2.5563600000000033,similar
764,requires Thompson WMA permit,,"38.9230,-78.0025",,Lower Ted Lake Parking,-1.385640000000003,similar
915,,,"38.9574,-77.9888",,Thompson Lake Parking Area,-1.9857599999999995,similar
298,Weston WMA permit required,,"38.6634,-77.6951",,Weston Wildlife Management Area,0.743039999999995,similar
2555,Rapidan WMA permit required,,"38.3867,-78.4813",,1253 Taylor Mountain Rd,-6.808499999999995,slightly cooler
1131,Rapidan WMA permit required,,"38.4058,-78.4295",,State Rte 675,-1.7650799999999982,similar
1341,Rapidan WMA permit required,,"38.4157,-78.3930",,300 Cobblestone Row,-2.5317000000000016,similar
1227,Rapidan WMA permit required,,"38.4028,-78.3898",,3369 Garth Rd,-2.0989799999999983,similar
1535,PA State Forest campsite.  ,,"41.3942,-75.1374",https://pennsylvaniastateparks.reserveamerica.com/camping/delaware-state-forest/r/campsiteDetails.do?contractCode=PA&siteId=23610&parkId=880251,White Deer Campsite,-8.583299999999996,slightly cooler
1512,PA State Forest site.  ,,"41.3290,-75.0247",https://pennsylvaniastateparks.reserveamerica.com/camping/delaware-state-forest/r/campsiteDetails.do?contractCode=PA&siteId=23609&parkId=880251,E016 Fivemile Meadow,-8.38404,slightly cooler
1187,,,"38.7334,-78.5174",,Camp Roosevelt Recreation Area,-2.5536600000000056,similar
1830,,,"38.0988,-79.8219",,Hidden Valley Campground,-3.7045799999999947,similar
1748,,,"38.0694,-79.8837",,Blowing Springs Campground,-3.359160000000003,similar
1574,All sites claim to accommodate 21 feet RVs but will probably handle a few feet more,,"38.0140,-79.9201",,McClintic Point Primitive Campground,-2.6393400000000047,similar
3107,,,"38.7406,-79.6921",,Laurel Fork Campground,-9.411120000000002,cooler
1381,May be tent-only.  Some reviews have said not enough room for even a small RV.,,"38.8669,-78.4444",,Little Fort Campground,-3.484260000000002,similar
603,,,"45.1592,-87.2326",,Tennison Bay Campground,-12.037499999999998,cooler
620,,,"45.1636,-87.2198",,South Nicolet Bay Campground,-12.103920000000004,cooler
623,,,"44.8626,-87.4137",,Potawatomi State Park,-11.57382,cooler
1912,Sites appear to be attractive and well-spaced.  Back-in/30A/water sites for 22 ft RVs are about $41,,"38.0480,-81.1274",,Rifrafters Campground,-3.905640000000003,similar
1289,,,"37.8286,-81.0140",,Glade Creek Campground,-1.2877200000000024,similar
1378,,,"38.2147,-80.8890",,Gauley Tailwaters Campground,-2.2986000000000013,similar
2529,,,"37.8453,-80.9852",,War Ridge/Backus Mountain Campground,-5.740380000000003,slightly cooler
1807,Primarily a tent campground but call ahead to see if they can accommodate a small camper,,"38.0758,-81.0629",,Chestnut Creek Campground,-3.5812800000000014,similar
574,,,"42.7743,-86.2096",,Holland State Park,-7.639379999999995,slightly cooler
485,RV sites $40/night 2 person max,,"39.4065,-78.1422",,Lazy A Campground,-1.261440000000002,similar
967,"There are three RV sites in the creekside area, $40 per night",,"39.3342,-78.4577",,Buffalo Gap Retreat,-2.8512000000000044,similar
1811,,,"39.1780,-79.6016",,Horseshoe Recreation and Campground Area,-5.576939999999994,slightly cooler
574,,,"39.5642,-78.7176",,Spring Gap Campground,-1.8611999999999989,similar
492,,,"39.6253,-78.3855",,15 Mile Creek Campground,-1.678680000000005,similar
1076,,,"41.4660,-73.8241",,Fahnestock State Park Campground,-7.074540000000002,slightly cooler
2221,,,"36.8361,-81.0700",,Ravens Cliff campground,-2.8240200000000026,similar
2851,,,"36.7471,-81.4251",,Raccoon Branch Campground,-4.910220000000005,slightly cooler
2805,,,"36.7230,-81.4910",,Hurricane Campground,-4.703039999999997,slightly cooler
3822,,,"36.7630,-81.2249",,Comers Rock Recreation Area,-8.402039999999996,slightly cooler
3340,,,"36.6712,-81.6797",,Beartree Recreation Area,-6.516899999999998,slightly cooler
1886,,,"37.6050,-80.0762",,The Pines Campground,-3.014639999999994,similar
4622,Forest service campground.  Reports of very rough road that presented some challenges for a Subaru Forester.,,"36.6700,-81.4863",,Scales Campground,-11.089440000000003,cooler
2375,,,"37.0102,-81.1813",,Stony Fork Campground,-3.6872999999999947,similar
3881,"forest service, good views, rough road",,"37.0245,-81.1761",,Big Bend boondocking sites,-9.083340000000005,cooler
2969,WMA permit required,,"36.9006,-81.0372",,Big Survey WMA boondocking sites,-5.607719999999994,slightly cooler
2388,WMA permit required,,"36.6757,-80.8139",,Crooked Creek WMA boondocking sites,-3.1319999999999975,similar
3008,White Rocks Campground is a great camp spot for those who enjoy a natural setting and don’t need lots of amenities. It is set in the midst of a typical Appalachian forest and a small creek meanders through several sites.,,"37.4296,-80.4920",,White Rocks Campground,-6.7003200000000005,slightly cooler
3527,"Camping area adjacent to AT, a large clearing used by a lot of AT thru-hikers.  Bumpy dirt road accessible by standard sedan.",,"37.7604,-79.1957",,Hog Camp Gap boondocking site,-9.144359999999995,cooler
2647,"Camping areas on rt826/Meadows lane, right off route 56.  Meadows lane is a fire road to upper falls parking lot.  Sign says 4WD but apparently many sedans are seen on the road.",,"37.8476,-79.1220",,Crabtree Falls boondocking sites,-6.165719999999999,slightly cooler
3746,WMA permit required,,"36.8504,-82.0788",,Hidden Valley WMA boondocking sites,-8.29026,slightly cooler
1985,,lake,"38.5971,-79.1998",,Brandywine Lake Campground,-5.1514199999999954,slightly cooler
1919,,,"38.4623,-79.1350",,Hone Quarry Campground,-4.674779999999998,slightly cooler
1962,,,"38.3658,-79.2095",,Todd Lake Recreation Area Campground,-4.65318,slightly cooler
1863,,,"38.3395,-79.2072",,North River Campground,-4.2548400000000015,slightly cooler
2365,,,"38.0069,-80.9484",,Babcock State Park Campground,-5.446260000000002,slightly cooler
2001,,,"37.7305,-80.3627",,Greenbrier State Forest Campground,-3.6500399999999984,similar
3057,,,"38.6559,-80.0713",,Kumbrabow Crossing,-9.083160000000005,cooler
2086,,,"38.1114,-80.1779",,Riverside Campground,-4.639860000000006,slightly cooler
2582,,,"38.1026,-80.0943",,Beaver Creek Campground,-6.390720000000004,slightly cooler
2244,,,"38.9243,-78.6890",,Wolf Gap Recreation Area,-6.664680000000004,slightly cooler
787,,,"38.9242,-78.3315",,Elizabeth Furnace Family Campground,-1.469699999999998,similar
3569,Alongside railroad tracks.  Accessible by bumpy forest service road.,,"38.6492,-79.8620",,Shaver's Fork dispersed site,-10.8963,cooler
2040,,lake,"38.9521,-78.7325",,Trout Pond Campground,-5.989320000000002,slightly cooler
3651,,,"38.6298,-79.8821",,Red Run Falls dispersed camping,-11.153880000000004,cooler
4097,,,"38.5705,-79.9331",,Mower Basin dispersed camping,-12.638340000000003,cooler
1171,,,"37.8578,-81.0994",,Army Camp Rd Campground,-0.9190799999999951,similar
3884,,,"38.9650,-79.3447",,Dolly Sods boondocking sites #3,-12.587940000000007,cooler
3343,,,"38.6178,-79.6765",,Abes Run dispersed camping,-10.032480000000005,cooler
2713,,,"38.3068,-79.9223",,Seven Mile Campground,-7.2262800000000045,slightly cooler
2247,,,"38.2955,-80.5161",,Cranberry River sites 6-19,-5.544539999999994,slightly cooler
2267,,,"38.2959,-80.5240",,Big Rock Campground,-5.615460000000006,slightly cooler
2588,,,"38.3255,-80.4415",,Cranberry Campground,-6.815339999999996,slightly cooler
3054,,,"38.5793,-79.7052",,Island Campground,-8.933580000000006,slightly cooler
1318,,,"37.8552,-81.0531",,Grandview Sandbar Campground,-1.440900000000006,similar
2162,"This is a grassy pull-off from VA-218 aka VA-24 aka Spruce Run. Hard-packed when dry but could be soupy after a hard rain.
The road in is Dirt. There are 1-5 campsites at this location and the maximum RV length is 45 feet.
freecampsites.net",,"37.4241,-80.6763",,Groundhog Trail boondocking sites,-3.6718200000000047,similar
2513,,,"37.9595,-80.0703",,Meadow Creek dispersed camp sites,-5.887439999999998,slightly cooler
3087,,,"38.5900,-79.9684",,Becky's Creek camping area,-9.069840000000005,cooler
3625,,,"38.6081,-79.8811",,Shaver's Fork free campsites,-11.02122,cooler
3599,,,"38.6353,-79.8718",,Stonecoal dispersed camping,-10.976580000000002,cooler
2342,,,"38.9637,-79.6070",,Lower Glady Dispersed Campground,-7.086600000000004,slightly cooler
1991,,,"39.0077,-79.5493",,Gladwin Dispersed Camping Area,-5.913899999999999,slightly cooler
1640,,,"38.7475,-79.1089",,Camp Run Campground,-4.193640000000004,slightly cooler
3930,,,"39.0660,-79.3016",,Dolly Sods bookdocking sites #2,-12.933540000000004,cooler
2920,,,"39.0574,-79.2847",,Dolly Sods boondocking sites #1,-9.31446,cooler
1476,,,"39.3273,-79.8136",,Fellowsville Park,-4.652280000000002,slightly cooler
1519,,,"39.0676,-78.6378",,Squirrel Gap Road Parking,-4.336919999999997,slightly cooler
1427,,,"39.1165,-78.4989",,Hawk Recreation Area,-4.0973400000000035,slightly cooler
3143,,,"38.5813,-79.0523",,Long Run Road Campsite #2,-9.253079999999997,cooler
3389,,,"38.5774,-79.0371",,Long Run Road Campsite #1,-10.123559999999994,cooler
3658,,,"38.5950,-79.0710",,Western-Facing Campsite,-11.114639999999998,cooler
3415,,,"38.5867,-79.0579",,Long Run Road Campsite #3,-10.2339,cooler
3973,,,"38.6734,-79.5699",,"Back Ridge Shadows, LLC",-12.378960000000001,cooler
3294,,,"36.6648,-81.6031",,High Country Campground,-6.3415799999999996,slightly cooler
3730,,,"36.6883,-81.5393",,Grindstone Campground,-7.939979999999996,slightly cooler
3261,,,"39.0142,-79.4568",,Canaan Valley Resort Campground,-10.453500000000004,cooler
2194,,,"37.0440,-80.8715",,Gatewood Park Campground,-3.104639999999994,similar
3494,,,"38.2484,-80.4448",,Summit Lake Campground,-9.905759999999994,cooler
4665,,,"36.6286,-81.4966",,Grayson Highlands State Park,-11.167019999999999,cooler
2874,,,"36.8694,-82.5263",,Bark Camp Recreation Area,-5.212259999999998,slightly cooler
3349,,,"36.9122,-82.6330",,Flag Rock Recreational Area,-6.985799999999998,slightly cooler
3655,,,"36.8876,-82.6140",,High Knob Recreation Area,-8.029619999999998,slightly cooler
429,,,"39.6066,-78.0100",,Fort Frederick Campground,-1.4227200000000002,similar
928,,lake,"40.2159,-75.7838",https://pennsylvaniastateparks.reserveamerica.com/camping/french-creek-state-park/r/campgroundDetails.do?contractCode=PA&parkId=880406,French Creek State Park Campground,-4.2978599999999965,slightly cooler
997,,,"40.7092,-79.5158",,Crooked Creek Campground,-5.431500000000005,slightly cooler
269,,,"38.0973,-77.8923",,Christopher Run Campground,1.8673200000000054,similar
42,,,"37.3092,-76.5496",,Machicomoco State Park Campground,4.093200000000006,slightly warmer
65,,,"37.1905,-76.5481",,Newport News Park,4.22496,slightly warmer
98,,,"37.1403,-76.7484",,Chippokes State Park,4.1983199999999945,slightly warmer
114,,,"37.4248,-76.8522",,Williamsburg Christian Retreat Center,3.627720000000004,similar
344,,,"36.6619,-78.6292",,Buffalo Park and Campground,4.1819399999999955,slightly warmer
321,,,"36.5768,-78.5488",,Longwood Park,4.417020000000003,slightly warmer
318,,,"36.6575,-78.4423",,Rudds Creek Campground,4.283460000000002,slightly warmer
1151,,,"36.8045,-80.0587",,Goose Point Park,1.047060000000005,similar
1033,,,"36.8135,-80.0387",,Salthouse Branch Park,1.4520600000000043,similar
994,,,"36.8341,-80.0723",,Horseshoe Point Park,1.5553800000000013,similar
977,,,"38.6705,-80.5472",,Gerald Freeman Campground,-1.6916399999999945,similar
1673,,,"38.2216,-80.9096",,Battle Run Campground,-3.364020000000004,similar
1637,,,"37.9848,-79.9696",,Bolar Mountain Recreation Area,-2.8090799999999994,similar
0,,,"38.2374,-75.1374",,Assateague State Park,2.5745399999999985,similar
311,,,"36.5861,-78.3081",,North Bend Park & Campground,4.435379999999998,slightly warmer
3691,Closed for 2025 due to hurricane Helene,,"35.8123,-82.1440","https://www.nps.gov/blri/planyourvisit/crabtree-falls-cg.htm
https://www.recreation.gov/camping/campgrounds/258667",Crabtree Falls Campground,-6.222779999999999,slightly cooler
1834,,,"36.7022,-82.7380",,Lover's Leap Campground,-1.2023999999999955,similar
659,,,"39.4832,-77.4633",,Estes Place,-2.0195999999999934,similar
567,,,"39.1471,-78.0882",,Berryville Berries,-1.087020000000003,similar
19,,,"26.4683,-81.9495",,San Carlos RV Park & Islands,23.688720000000004,hot
13,,,"26.4901,-81.9408",,Gulf Air,23.67288,hot
36,,,"26.4340,-81.8157",,Koreshan State Park,23.691959999999998,hot
16,,,"26.4440,-82.0427",,Periwinkle Park Campground,23.74416,hot
1660,,,"39.8888,-79.4945",,Ohiopyle State Park Kentuck Campground,-6.318180000000006,slightly cooler
1971,,,"39.9922,-79.2421",,Laurel Hill State Park Campground,-7.615799999999994,slightly cooler
734,,,"41.3776,-82.2244",,Vermilion Travel Plaza,-5.698620000000002,slightly cooler
876,,,"41.1314,-82.2087",,Findley State Park,-5.758559999999999,slightly cooler
1105,,,"41.1939,-81.4057",,Silver Springs Campground,-6.690059999999999,slightly cooler
613,,,"45.7444,-84.9022",,Wilderness State Park Campground,-13.125959999999997,cooler
1033,,,"41.7044,-85.0288",,Pokagon State Park Toboggan Run,-7.351559999999998,slightly cooler
807,,,"41.6443,-84.3719",,Harrison Lake State Park,-6.436080000000002,slightly cooler
629,,,"41.6576,-87.0554",,Indiana Dunes State Park Campground Showers and Bathrooms,-5.8282200000000035,slightly cooler
669,,,"45.8551,-84.7195",,Straits State Park,-13.52412,cooler
1049,,,"41.1428,-81.1129",,West Branch State Park Campground,-6.399180000000002,slightly cooler
652,,,"42.2993,-86.3259",,Covert Township Park,-7.065180000000004,slightly cooler
656,,,"42.3346,-86.3006",,Van Buren State Park,-7.140420000000003,slightly cooler
597,,,"42.4366,-87.8071",,Illinois Beach State Park Campground,-7.113419999999997,slightly cooler
629,,,"41.9100,-86.5871",,Warren Dunes State Park Campground,-6.282539999999994,slightly cooler
173,,,"35.5319,-78.2632",,North Pointe RV Resort,6.824339999999999,slightly warmer
600,,,"43.6651,-87.7192",,Kohler-Andrae State Park,-9.336420000000004,cooler
613,,,"44.1827,-87.5273",,Point Beach Campground,-10.314899999999994,cooler
646,,,"45.4637,-83.8836",,Hoeft State Park,-12.737700000000006,cooler
574,,,"41.6789,-83.3740",,Maumee Bay State Park,-5.667659999999997,slightly cooler
603,,,"46.6398,-86.2157",,Twelvemile Beach Campground,-14.702580000000001,much cooler
590,,,"46.4410,-86.6774",,Munising Tourist Park Campground,-14.297940000000004,much cooler
600,,,"46.6656,-86.1667",,Hurricane River Campground,-14.737319999999997,much cooler
639,,,"46.6733,-85.9911",,Woodland Park Campground,-14.891579999999996,much cooler
643,,,"44.6475,-83.2976",,Harrisville State Park,-11.256840000000002,cooler
633,,,"46.6766,-85.6281",,Muskallonge Lake State Park,-14.874120000000001,much cooler
587,,,"44.2577,-83.4448",,Tawas Point Campground,-10.3563,cooler
1184,,,"41.2152,-80.3134",,Bill and Nancy Snyder's property,-7.009200000000005,slightly cooler
652,,,"41.6709,-86.9829",,Dunewood Campground,-5.934060000000006,slightly cooler
19,,,"29.4380,-81.1100",,Gamble Rogers,18.343260000000004,much warmer
95,,,"28.5704,-82.2115",,Cypress Glen Campground,19.63584,hot
82,,,"28.1427,-82.2272",,Hillsborough River State Park,20.452499999999997,hot
134,,,"34.6410,-79.9006",,Cheraw State Park,8.568360000000004,slightly warmer
55,,,"31.1075,-81.4128",,Jekyll Island Campground,15.209459999999996,much warmer
288,,,"37.3724,-77.5715",,Pocahontas State Park,3.101940000000002,similar
39,,,"32.7774,-80.1467",,The Real Lake Aire RV Park,12.26214,warmer
1164,Raystown Lake COE campground w/many waterfront sites,,"40.3937,-78.0932",,Seven Points Campground,-5.4603000000000055,slightly cooler
593,,,"41.8511,-80.9873",,Geneva State Park Campground,-6.047820000000004,slightly cooler
580,,,"41.5446,-82.8203",,East Harbor State Park,-5.4493200000000055,slightly cooler
587,,,"41.6144,-82.7062",,Kelleys Island State Park,-5.598360000000007,slightly cooler
584,,,"41.6427,-82.8355",,South Bass Island State Park,-5.637599999999996,slightly cooler
1318,,,"40.5842,-79.0006",,Yellow Creek Campground,-6.353100000000004,slightly cooler
3162,lodge: 304-259-5216,,"39.1165,-79.4895",https://book.wvstateparks.com/ecomm/listings/supplierdetail/7816932/en-US/?supplierid=11067324,Blackwater Falls Campground,-10.286640000000004,cooler
-26,,,"33.9111,-78.2972",,Holden Beach Fishing Pier,10.455480000000005,warmer
13,,,"34.0459,-77.9139",,Carolina Beach State Park,10.072439999999995,warmer
2263,,,"34.9417,-83.0875",,Cherry Hill Recreation Area,0.433800000000005,similar
104,,,"29.2737,-81.9204",,Fore Lake Campground,18.334799999999998,much warmer
72,,,"29.0803,-81.5776",,Alexander Springs Recreation Area,18.799919999999997,much warmer
200,,,"32.0844,-82.1255",,Jack Hill State Park,12.936239999999996,warmer
246,,,"34.4659,-80.3015",,Sexton Pond,8.485740000000005,slightly warmer
137,,,"34.5951,-79.9832",,Campbell's Lake,8.639279999999998,slightly warmer
328,,,"34.5878,-80.1331",,Sugarloaf Mountain Recreation Area,7.973819999999998,slightly warmer
305,,,"34.5343,-80.0909",,Sand Hills State Forest,8.152019999999997,slightly warmer
278,,,"43.9001,-70.1779",,Bradbury Mountain State Park Campground,-8.612820000000005,slightly cooler
22,Freeport town campground directly on Luckse Sound,sound,"43.8015,-70.1153","https://me-freeport.civicplus.com/245/Winslow-Park-Campground
https://secure.thinkreservations.com/freeportmaine/reservations",Winslow Memorial Park,-7.522739999999994,slightly cooler
610,,,"42.8246,-72.5666",,Fort Dummer State Park,-7.858619999999994,slightly cooler
308,,,"40.6605,-74.9389",,Spruce Run Recreation Area,-2.886839999999998,similar
16,,,"37.7829,-76.5800",,Belle Isle State Park,3.334140000000004,similar
45,,,"37.1703,-75.9810",,Kiptopeke State Park,4.331520000000005,slightly warmer
1141,,,"40.3726,-79.3850",,Keystone State Park,-5.340419999999996,slightly cooler
1161,,,"40.0341,-78.6343",,Shawnee State Park,-4.801320000000004,slightly cooler
144,,,"33.5188,-80.4884",,Santee State Park,10.553220000000003,warmer
108,,,"34.4996,-79.3065",,Camp Pedro,8.916479999999998,slightly warmer
603,,,"35.4379,-80.0698",,Arrowhead Campground,5.460840000000002,slightly warmer
72,,,"34.3299,-79.2835",,Little Pee Dee State Park,9.350639999999997,warmer
344,,,"36.6241,-78.5258",,Occoneechee State Park,4.249980000000003,slightly warmer
190,,,"38.1599,-76.8670",,Westmoreland State Park,2.03544,similar
387,,,"38.5990,-77.4175",,Oak Ridge Campground,0.5430600000000062,similar
2017,,lake,"39.4201,-79.1130","https://www.nab.usace.army.mil/Missions/Dams-Recreation/Jennings-Randolph-Lake/Camping/
https://www.recreation.gov/camping/campgrounds/233604",Robert W Craig Campground,-6.749819999999996,slightly cooler
0,,,"38.6193,-76.5135",,Breezy Point Beach & Campground,1.8871199999999952,similar
2165,,,"39.6556,-79.7878",,Coopers Rock State Forest,-7.700219999999998,slightly cooler
127,,,"38.6718,-77.1690",,Pohick Bay Regional Park,1.3363200000000048,similar
173,,,"38.8017,-77.4915",,Bull Run Regional Park,0.9387000000000062,similar
16,,,"30.4546,-81.4153",,Little Talbot Island State Park,16.52508,much warmer
95,,,"27.4785,-82.3372",,Lake Manatee State Park,21.60126,hot
32,,,"27.6632,-82.3737",,Little Manatee River State Park,21.491100000000003,hot
9,,ocean,"24.7413,-80.9808",,Curry Hammock State Park,26.832420000000003,hot
13,,ocean,"24.8151,-80.8059",,Long Key State Park,26.68788,hot
9,,ocean,"35.1264,-75.9196",,Ocracoke Campground,8.139240000000006,slightly warmer
6,,ocean,"35.2357,-75.5389",,Cape Point Campground,7.9541999999999975,slightly warmer
26,,ocean,"36.9201,-76.0499",,First Landing State Park Campground,4.8520800000000035,slightly warmer
3,,ocean,"38.2013,-75.1538",,Assateague Island National Seashore,2.627819999999994,similar
154,,,"40.9606,-72.7954",,Wildwood State Park,-2.877119999999999,similar
0,,ocean,"29.8823,-81.2777",,Anastasia State Park,17.61372,much warmer
45,,ocean,"30.6991,-81.4567",,Fort Clinch State Park,15.979679999999998,much warmer
22,,bay,"27.6338,-82.7186",,Fort DeSoto County Park,21.57912,hot
9,,pond,"27.4698,-82.6854",,Buttonwood Inlet RV Resort,21.921120000000002,hot
13,,river,"33.0394,-79.5618",,Buck Hall Recreation Area and Boat Landing,11.88414,warmer
1555,,,"37.8989,-79.8077",,Douthat State Park,-2.361959999999996,similar
1220,"¹tent site but room for EKKO in a pinch
²lakefront but view of lake obstructed by low berm, chairs could be set up on top of the berm for viewing the lake.
³set back slightly from the lake but still accessible and has a decent view
⁴lakefront, nice view
*best sites overall
³11, ¹⸴³122, **⁴125, *⁴127, ²157, *²159, ²161, ¹⸴²164, ¹⸴²165, ³250, ¹⸴³261, ⁴251, ⁴253, *⁴255, **⁴256, **⁴258, *⁴260
243: unique secluded site on its own peninsula, interesting mossy path to lakefront, view of lake slightly obstructed by distance and trees.",,"39.7148,-78.6434",,Rocky Gap State Park Campground,-4.4371799999999935,slightly cooler
72,,lake,"39.5681,-75.7303",,Lums Pond State Park,-0.078120000000002,similar
3,,bay,"38.0592,-76.3370",,Point Lookout State Park,2.8836000000000053,similar
1131,,,"39.4574,-77.4929",,Gambrill State Park,-3.657959999999999,similar
866,,,"39.5378,-77.6218",,Greenbrier State Park,-2.8549799999999945,similar
1719,,,"39.6263,-77.4804",,Cunningham Falls State Park (Houck Area),-6.056280000000001,slightly cooler
702,,,"39.5913,-77.4355",,Cunningham Falls State Park (Manor Area),-2.366279999999994,similar
1079,,,"39.9114,-77.4801",,Caledonia State Park,-4.28796,slightly cooler
692,,lake,"39.7799,-76.9186",,Codorus State Park Campground,-2.670659999999996,similar
59,,ocean,"44.2422,-68.3060","https://www.nps.gov/acad/planyourvisit/seawall-campground.htm
https://www.recreation.gov/camping/campgrounds/234674",Seawall Campground,-8.444699999999994,slightly cooler
209,,ocean,"44.3131,-68.2108","https://www.nps.gov/acad/planyourvisit/blackwoods-campground.htm
https://www.recreation.gov/camping/campgrounds/232508",Blackwoods Campground,-9.110519999999998,cooler
160,,bay,"39.4848,-75.9848",https://parkreservations.maryland.gov,Elk Neck State Park,-0.2440799999999997,similar
574,,lake,"42.1505,-80.0783",,Lampe Campground,-6.516540000000002,slightly cooler
997,,,"40.6928,-79.3293",,Wheel-In Campground,-5.401979999999997,slightly cooler
1105,,,"40.7710,-79.2398",,Silver Canoe Campground,-5.928840000000002,slightly cooler
1236,,,"40.9300,-80.1263",,Bear Run Campground,-6.683039999999999,slightly cooler
1328,,,"41.1796,-80.1851",,Mercer / Grove City KOA Holiday,-7.459920000000002,slightly cooler
1148,,,"40.6592,-79.8044",,Mountain Top Campground,-5.879699999999996,slightly cooler
3372,,,"38.2474,-78.6704",,Loft Mountain Campground,-9.471059999999998,cooler
3550,,,"38.5290,-78.4368",,Big Meadows Campground,-10.609740000000006,cooler
728,,,"38.8491,-78.3074",,Shenandoah River State Park,-1.1239199999999998,similar
387,,lake,"38.1208,-77.8224",,Lake Anna State Park,1.4038199999999954,similar
0,,,"38.7820,-75.1037",,Cape Henlopen State Park,1.5942600000000064,similar
1118,,,"39.7943,-78.3576",,Grouseland Hospitality,-4.21758,slightly cooler
