website,name,location,elevation,note,waterbody,delta_temp
"https://www.fs.usda.gov/r08/cherokee/recreation/rock-creek-recreation-area
https://www.recreation.gov/camping/campgrounds/267551?tab=info",Rock Creek Recreation Area,"36.1379,-82.3508",2339,,pond,-1.9884600000000028
"https://www.fs.usda.gov/r08/cherokee/recreation/dennis-cove-recreation-area
https://www.recreation.gov/camping/campgrounds/251724?tab=info",Dennis Cove Recreation Area,"36.2568,-82.1132",2644,,,-3.290579999999997
"https://www.fs.usda.gov/r08/cherokee/recreation/cardens-bluff-campground
https://www.recreation.gov/camping/campgrounds/122390",Cardens Bluff Campground,"36.3109,-82.1188",1962,Most sites are tent only.  Four sites are available for RVs.,,-0.9543599999999932
"https://www.fs.usda.gov/r08/cherokee/recreation/little-oak-campground
https://www.recreation.gov/camping/campgrounds/122240",Little Oak Campground,"36.5156,-82.0520",1929,,,-1.205819999999998
"https://www.fs.usda.gov/r08/cherokee/recreation/jacobs-creek-recreation-area
https://www.recreation.gov/camping/campgrounds/10128487",Jacobs Creek Recreation Area,"36.5635,-82.0063",1778,,,-0.7538399999999953
"https://www.fs.usda.gov/r08/cherokee/recreation/backbone-rock-recreation-area
https://www.recreation.gov/camping/campgrounds/251757",Backbone Rock Campground,"36.5968,-81.8215",2470,,,-3.282480000000003
"https://www.fs.usda.gov/r08/northcarolina/recreation/curtis-creek-campground
https://www.recreation.gov/camping/campgrounds/251469",Curtis Creek Campground,"35.6895,-82.1995",1939,,,0.2460599999999957
"https://www.fs.usda.gov/r08/northcarolina/recreation/carolina-hemlocks-recreation-area
https://www.recreation.gov/camping/campgrounds/233954",Carolina Hemlocks Recreation Area,"35.8045,-82.2074",2808,,,-3.0614399999999953
"https://www.nps.gov/blri/planyourvisit/linville-falls-cg.htm
https://www.recreation.gov/camping/campgrounds/234036",Linville Falls Campground,"35.9685,-81.9419",3359,Closed for 2025 due to hurricane Helene,,-5.322239999999997
"https://www.fs.usda.gov/r08/northcarolina/recreation/mortimer-campground
https://www.recreation.gov/camping/campgrounds/10046915",Mortimer Campground,"35.9924,-81.7632",1696,,,0.5666399999999944
https://www.nps.gov/blri/planyourvisit/price-cg.htm,Julian Price Campground,"36.1392,-81.7387",3464,Temporarily closed as of June 2025 due to damage from Hurricane Helene,,-6.003900000000004
https://www.saw.usace.army.mil/Locations/District-Lakes-and-Dams/W-Kerr-Scott/Recreation/Recreation-Areas/\nhttps://www.recreation.gov/camping/campgrounds/233665,Warrior Creek Campground,"36.1010,-81.2884",1138,,,2.360160000000002
https://www.saw.usace.army.mil/Locations/District-Lakes-and-Dams/W-Kerr-Scott/Recreation/Recreation-Areas/\nhttps://www.recreation.gov/camping/campgrounds/234253,Fort Hamby Park,"36.1296,-81.2746",1217,,,2.0278799999999944
https://www.nps.gov/blri/planyourvisit/doughton-park-cg.htm,Doughton Park Campground,"36.4288,-81.1597",3500,,,-6.653880000000004
https://www.nps.gov/blri/planyourvisit/rocky-knob-cg.htm,Rocky Knob Recreation Area,"36.8030,-80.3518",2539,,,-3.8993399999999947
https://www.nps.gov/blri/planyourvisit/peaks-otter-cg.htm,Peaks Of Otter Campground,"37.4424,-79.6087",2611,,,-5.307659999999998
https://www.nps.gov/blri/planyourvisit/otter-creek-cg.htm,Otter Creek Campground,"37.5762,-79.3389",823,,,0.8280000000000002
"https://dnr.maryland.gov/forests/Pages/publiclands/PotomacGarrett/Camping.aspx
https://freecampsites.net",Piney Mountain campsites,"39.5515,-79.4630",2874,"Potomac-Garrett State Forest, 10 dispersed campsites along Piney Mountain road.  Self-registration kiosk on Piney Mountain road near Sang Run road.  $10 per night.",,-10.040039999999996
"https://dnr.maryland.gov/forests/Pages/publiclands/PotomacGarrett/Camping.aspx
https://freecampsites.net",Snaggy Mountain campsites,"39.4981,-79.4541",2559,"Potomac-Garrett State Forest, 10 dispersed campsites along Snaggy Mountain road between Cranesville road and Sanders lane.  Self-registration kiosk on Snaggy Mountain road near Cranesville road.  $10 per night.",,-8.820720000000001
"https://dnr.maryland.gov/forests/Pages/publiclands/PotomacGarrett/Camping.aspx
https://freecampsites.net",Lostland Run campsites,"39.3818,-79.2772",2437,"Potomac-Garrett State Forest, 5 dispersed campsites along Lostland Run road leading to north branch of Potomac River.  Self-registration kiosk on Lost Land Run road near Potomac Camp road.  $10 per night.",,-8.178479999999997
"https://dnr.maryland.gov/forests/Pages/publiclands/PotomacGarrett/Camping.aspx
https://freecampsites.net",Wallman/Laurel Run campsites,"39.3407,-79.2960",2614,"Potomac-Garrett State Forest, 14 dispersed campsites along Wallman and Laurel Run roads leading to north branch of Potomac River.  Self-registration kiosk at 15 Laurel Run.  $10 per night.",,-8.736299999999996
https://freecampsites.net,Moody Boat Launch campsites,"38.7700, -78.3927",623,Geo Wash Nat'l Forest free boat launch with several campsites.  Last 3.5 miles are gravel.  Located in flood plain so avoid during heavy rain.  Reports that the road has deteriorated and is now narrow with deep ruts.  May be impassable without 4WD.,,-0.6071400000000055
https://freecampsites.net,FR92 Roadside Site,"38.9351,-78.6503",1597,Alongside FR92 is a narrow lane with two camping places.  The first is accessible to almost any vehicle.  The second would probably require a 4WD.,,-4.3792199999999974
https://freecampsites.net,Columbia Furnace Boondock,"38.9147,-78.6272",1574,Large gravel lot owned by the forest service. Likely fits 5+ large RVs. Very friendly forest rangers and completely legal. Lots of smaller campsites along the main forest road.,,-4.2606000000000055
https://thedyrt.com/press/2025-best-places-to-camp-in-the-northeast-region/,Red Bridge Campground,"41.7788,-78.8884",1381,,,-8.725679999999993
https://thedyrt.com/camping/new-hampshire/town-hall-road-free-camping,Town Hall Road Dispersed Sites,"44.1613,-71.0950",1378,,,-13.002479999999997
https://thedyrt.com/press/2025-best-places-to-camp-in-the-southeast-region/,FR 812 Dispersed Sites,"37.6103,-79.3787",882,,,0.5560199999999963
https://thedyrt.com/press/2025-best-places-to-camp-in-the-southeast-region/,Meriwether Lewis Campground,"35.5232,-87.4570",853,,,4.4180999999999955
https://thedyrt.com/press/2025-best-places-to-camp-in-the-southeast-region/,River Run Campground,"39.2212,-81.1094",915,Part of North Bend State Park,,-2.4606000000000057
https://thedyrt.com/press/2025-best-places-to-camp-in-the-southeast-region/,Blue Heron Campground,"36.2845,-92.5302",439,"Ozark Mountain hideaway offers a serene riverside retreat along the White River
water/electric sites $35",,4.521959999999997
,Devils Fork State Park Campground,"34.9528,-82.9515",1118,,,4.4971199999999945
https://pennsylvaniastateparks.reserveamerica.com/,002 Fireline,"41.2064,-75.6152",1807,Pinchot State Forest,,-9.216360000000005
https://pennsylvaniastateparks.reserveamerica.com/,Manny Gordon 001,"41.2068,-75.6120",1788,Pinchot State Forest,,-9.146880000000001
https://pennsylvaniastateparks.reserveamerica.com/,Manny Gordon 002,"41.2059,-75.6115",1784,Pinchot State Forest,,-9.13356
https://pennsylvaniastateparks.reserveamerica.com/,Manny Gordon 003,"41.2055,-75.6105",1784,Pinchot State Forest,,-9.132840000000002
,32 Homestead Lane,"40.2174,-75.5643",252,,,-1.890359999999996
https://tmbtent.com/virginia-free-dispersed-camping/,Braley Pond dispersed campsites,"38.2914,-79.3051",2040,Braley Pond dispersed campsites,,-4.800060000000005
,Hone Quarry Ridge Campsite,"38.4880,-79.2149",3878,campsite at Flagpole rd & Hone Quarry Ridge trail,,-11.70594
,Long Run Road Campsite #4,"38.6424,-79.0847",3563,,,-10.860660000000003
,Long Run Road Campsite #5,"38.6455,-79.0823",3536,,,-10.772639999999997
,Long Run Road campsite #6,"38.6514,-79.0837",3504,Long Run Road campsite #6,,-10.666260000000003
,Little Canaan WMA dispersed campsites,"39.1291,-79.4583",3074,,,-9.993420000000002
,Gandy Creek dispersed camping,"38.7669,-79.5729",3176,"3000-About 15 designated dispersed campsites along Gandy Creek.  The gravel road is generally well-maintained, but larger RVs may find some sites challenging due to size constraints.  Popular during weekends, so arrive early. No cell service in this remote area.",,-9.70416
,Swallow Rock Campground,"38.7701,-79.5556",3166,Part of Gandy Creek Dispersed Camping,,-9.674819999999999
,Red Creek Campground,"39.0323,-79.3159",3874,,,-12.673979999999998
,Spruce Knob Lake Campground,"38.7076,-79.5878",4045,,,-12.69792
,New Germany State Park Campground,"39.6346,-79.1187",2575,A few sites are large enough for a camper van,lake,-9.124919999999998
https://parkreservations.maryland.gov,St. John's Rock Campsites,"39.6603,-78.9656",2779,Part of Savage River State Forest,,-9.896579999999998
https://pennsylvaniastateparks.reserveamerica.com/,SH001 Town Hill,"39.8539,-78.2722",1581,"secluded site with road noise from I-70
Buchanan State Forest
SH001 Town Hill",,-5.974560000000005
https://pennsylvaniastateparks.reserveamerica.com/,CV021 326 Lot,"39.8734,-78.5091",2083,"Buchanan State Forest
CV021 326 Lot",,-7.799759999999993
https://pennsylvaniastateparks.reserveamerica.com/,CV014 Nester Lot,"39.8614,-78.5290",2306,"Buchanan State Forest
CV014 Nester Lot",,-8.573760000000005
https://pennsylvaniastateparks.reserveamerica.com/,CV013 Refuge Trail ATV,"39.8581,-78.5447",2053,"Buchanan State Forest
CV013 Refuge Trail ATV",,-7.666919999999999
https://pennsylvaniastateparks.reserveamerica.com/,CV011 Martin Hill North,"39.8605,-78.5638",2057,"Buchanan State Forest
CV011 Martin Hill North",,-7.682940000000003
https://pennsylvaniastateparks.reserveamerica.com/,CV008 Oak Trail,"39.8545,-78.5776",2263," large grassy private lot
Buchanan State Forest
CV008 Oak Trail",,-8.409240000000002
https://pennsylvaniastateparks.reserveamerica.com/,CV006 Tower Lot,"39.8307,-78.5441",2723,"Buchanan State Forest
CV006 Tower Lot",,-10.0044
https://pennsylvaniastateparks.reserveamerica.com/,CV007 Blankley Road West,"39.8318,-78.5946",2122,"Buchanan State Forest
Site CV007 ""Blankley Road West""",,-7.865280000000002
,Big Flat Parking Area,"39.9878,-77.4013",1988,8 drive up campsites available by reservation,,-7.66638
,Site 009 Haunted Hollow,"39.9700,-77.4698",2027,,,-7.774739999999997
,Forbes Motorized Campsite #5,"39.9818,-79.2939",2398,,,-9.11808
,Forbes State Forest Motorized Site 2,"40.1083,-79.1953",2798,,,-10.773179999999998
,Forbes State Forest Motorized Camping #1,"40.1305,-79.1821",2706,,,-10.485539999999997
,Kooser State Park,"40.0602,-79.2325",2559,,,-9.832500000000003
,Forbes State Forest Campsite #3,"39.8022,-79.6784",2509,small spring-fed pond nearby,,-9.192599999999997
,Forbes Campsite #4,"39.7980,-79.6473",2135,,,-7.851240000000002
,Forbes State Forest Motorized Site 6,"39.7915,-79.1549",2969,,,-10.811339999999998
https://parkreservations.maryland.gov,Deep Creek Lake State Park,"39.5244,-79.3006",2952,,lake,-10.27206
,Stuart Recreation Area,"38.9187,-79.7729",2319,,,-6.923700000000001
,Bear Heaven Campground,"38.9315,-79.6807",3641,"Not specifically designed for RVs, but online videos suggest that at least a few of the sites should be able to accommodate a camper van.",,-11.66184
,Mathews Arm Campground,"38.7624,-78.2966",2762,,,-8.22186
,Sleepy Hollow Campground,"39.6390,-79.1112",2614,", private campground, $40/night incl fees.",,-9.273240000000005
,Wolf Den Run State Park,"39.3991,-79.2659",2700,,,-9.145619999999996
https://parkreservations.maryland.gov,Big Run State Park,"39.5442,-79.1385",1479,,lake,-5.054399999999993
https://parkreservations.maryland.gov,Big Run Campground,"39.5731,-79.1594",1886,Part of Savage River State Forest,stream,-6.557219999999994
,Badin Lake Campground,"35.4479,-80.0787",534,,,5.688540000000006
,Hawe Creek Campground,"33.8409,-82.3360",433,,,8.943840000000005
,Winfield Campground,"33.6515,-82.4226",347,,,9.588960000000002
,Modoc Campground,"33.7224,-82.2175",406,,,9.250739999999999
,Petersburg Campground,"33.6577,-82.2606",423,,,9.308700000000004
,LAKE SPRINGS,"33.6659,-82.2293",439,,,9.23544
,US Corps of Engineers Ridge Rd. Campground,"33.6800,-82.2591",387,,,9.397260000000001
,Lake Wateree State Park,"34.4309,-80.8704",269,,,8.46684
,Sedalia Campground,"34.6310,-81.7390",616,,,6.86646
,Brick House Campground,"34.4481,-81.7068",580,,,7.324380000000006
,Dreher Island State Park,"34.0852,-81.4079",360,,,8.7615
,Medoc Mountain State Park Campground,"36.2458,-77.8927",190,,,5.480819999999996
,Cary Campground,"30.4004,-81.9277",104,,,16.306739999999998
,Nutbush Bridge Campground,"36.4123,-78.3982",360,,,4.572719999999997
,"Kerr Lake, County Line Camping","36.5202,-78.3199",360,,,4.378499999999995
,Bullocksville Park,"36.4590,-78.3666",360,,,4.488659999999995
,Kimball Point Campground,"36.5357,-78.3102",344,,,4.409100000000003
,J C Cooper Campground,"36.4328,-78.3732",354,,,4.55922
,Hibernia,"36.5102,-78.3700",354,,,4.419900000000005
,Henderson Point Campground,"36.5350,-78.3459",324,,,4.480560000000006
,Blue Knob State Park Campground,"40.2892,-78.5898",2486,"Best sites according to www.youtube.com/watch?v=HhmVrsQAuR8: 1*, 16, 20, 21, 22**, 24, 26, 27, 28, 29, 43*, 45, 47, 48, 50*",,-9.987300000000001
https://wvdnr.gov/lands-waters/wildlife-management-areas/,Sleepy Creek WMA Camping Area,"39.5110,-78.1539",1171,,,-3.894840000000005
https://wvdnr.gov/lands-waters/wildlife-management-areas/,Nathaniel Mountain WMA dispersed camping,"39.2498,-78.7506",2290,,,-7.4143799999999995
https://wvdnr.gov/lands-waters/wildlife-management-areas/,Short Mountain WMA dispersed camping,"39.2055,-78.6669",2286,,,-7.322940000000002
https://pennsylvaniastateparks.reserveamerica.com/camping/gifford-pinchot-state-park/r/campgroundDetails.do?contractCode=PA&parkId=880306,Gifford Pinchot State Park Campground,"40.0612,-76.8981",492,"waterfront with view: 319, 320; waterfront w/partial view: 316, 317, 318, 321; water view: 279, 280, 281, 294, 295, 296; private: 164",lake,-2.463299999999999
,Tea Creek Campground,"38.3415,-80.2306",3038,,,-8.447040000000005
,Seneca Shadows Campground,"38.8237,-79.3866",1742,"Seneca Shadows is the newest campground in the Spruce Knob-Seneca Rocks National Recreation Area. Many sites offer outstanding views of the 900 foot Seneca Rocks. This is a modern campground with flush toilets, lantern posts, picnic tables and campfire rings. The large facility has a selection of walk-to tent sites, standard RV sites and tent-only group sites.",,-4.693500000000004
,Day Run Campground,"38.2871,-80.2156",3146,,,-8.735220000000004
,Bishop Knob Campground,"38.3385,-80.4890",3143,,,-8.816040000000005
,Blue Bend Campground,"37.9204,-80.2709",1922,,,-3.711060000000001
,Lake Buffalo Recreation Area,"38.5324,-79.7028",3077,"A primitive camping area next to a 22-acre lake stocked with trout, suitable for fishing and kayaking. Limited dispersed sites are available, primarily for tents or small RVs. The area is open from March to November.  Popular with anglers, this quiet retreat is ideal for a long weekend. Nearby Long Run and East Fork of the Greenbrier River offer additional fishing opportunities.",,-8.931060000000004
,Little River Dispersed Camping,"38.6502,-79.7462",3231,"15 numbered sites along the Little River, suitable for tents and small to medium RVs. The setting is peaceful with access to the West Fork Rail Trail and fishing opportunities. The narrow gravel road may be tricky for larger rigs.  Very remote with no cell service, ideal for those seeking solitude. Sites fill up on weekends.",,-9.692999999999996
,C.F. Phelps WMA Public Parking,"38.4769,-77.7814",246,,,1.2659399999999994
,Worthington State Forest Campsite,"41.0123,-75.0858",360,"Several RV sites adjacent to the river, some may have partial river views",,-3.7072800000000057
,Ricketts Glen State Park,"41.3360,-76.2607",2280,"Numerous waterfront sites, some of which may have a partial lake view",,-11.134439999999998
,Tobyhanna State Park,"41.2191,-75.4054",1994,"Some sites from 91-131 may have partial lake view, of which CampsitePhotos.com recommends 101, 111, 113, 115, 117, and 119",,-9.906119999999996
https://pennsylvaniastateparks.reserveamerica.com/camping/promised-land-state-park/r/campgroundDetails.do?contractCode=PA&parkId=880414,Promised Land State Park,"41.3132,-75.2089",1778,Pickerel Point Campground has RV spots with partial lake views and reasonably easy lake access,lake,-9.303300000000004
,Green Ridge State Forest Headquarters,"39.6651,-78.4431",964,"numerous dispersed campsites
Must register at Green Ridge State Forest Headquarters
301-478-3124",,-3.4351200000000044
,Gary's Family Campground,"39.5679,-78.3611",1049,,,-3.564360000000003
https://pennsylvaniastateparks.reserveamerica.com/camping/pinchot-state-forest/r/campgroundDetails.do?contractCode=PA&parkId=880252#sr_a,Moon Lake State Recreation Area,"41.2520,-76.0560",1200,multiple dispersed campsites,,-7.1339400000000035
https://pennsylvaniastateparks.reserveamerica.com/campsiteDetails.do?contractCode=PA&siteId=23634&parkId=880252,001 Carvolth,"41.2520,-75.6337",2001,,,-9.988740000000005
https://pennsylvaniastateparks.reserveamerica.com/camping/pinchot-state-forest,003 Sassafras Hill,"41.2293,-75.6069",2116,003 Sassafras Hill,,-10.357380000000004
https://pennsylvaniastateparks.reserveamerica.com/camping/pinchot-state-forest,Manny Gordon Pavilion,"41.2068,-75.6109",1788,dispersed sites nearby,,-9.146880000000001
,State Forest Campsite #E011,"41.3047,-75.1010",1512,,,-8.340299999999994
,Delaware State Forest campsite #E014,"41.2590,-74.9929",1322,,,-7.57944
,highline campsite E-9,"41.2525,-75.1113",1437,,,-7.977239999999996
,E8 - Bridge Camp,"41.2328,-75.1083",1273,,,-7.356779999999996
,State Forest Campsite #S006,"41.1599,-75.0821",1207,,,-6.99156
,State Forest Campsite #S001,"41.1462,-75.1973",1138,,,-6.7212000000000005
,"S005 Brodhead Creek, Snow Hill","41.1238,-75.2166",872,Delaware State Forest dispersed sites,,-5.733180000000005
https://pennsylvaniastateparks.reserveamerica.com,Weiser State Forest,"40.5986,-76.0245",561,Dispersed sites nearby.,,-3.6763199999999956
,Sampson State Park,"42.7231,-76.9015",554,,,-7.477020000000004
,Tompkins Campground,"41.9807,-77.1898",1145,,,-8.246699999999997
,Ives Run Campground,"41.8871,-77.1791",1184,,,-8.218619999999994
,Jordan Lake State Recreation Area,"35.7326,-79.0172",239,,,6.229080000000004
https://www.recreation.gov/camping/campgrounds/234033,Clearwater Lake campground,"28.9785,-81.5523",59,"After-hours gate code from confirmation email required after 6pm
(352) 669-0078",,19.029960000000003
,Hopkins Prairie Campground,"29.2753,-81.6928",65,,,18.47232
,Wekiwa Springs State Park Campground,"28.7089,-81.4745",124,campground is closed for a waterline project and will remain closed throughout 2025,,19.28124
,Blue Spring State Park Campground,"28.9480,-81.3353",65,,,19.06146
,Mike Roess Gold Head Branch State Park,"29.8369,-81.9501",187,,,17.02854
,Paynes Prairie Camping,"29.5260,-82.2946",91,,,17.92746
,Rainbow Springs State Park Campground,"29.0879,-82.4221",39,,,18.90324
,Rodman Campground,"29.5211,-81.7953",65,,,18.029880000000002
,Shangrila Campgrounds,"29.0383,-82.2395",88,,,18.817020000000003
,Ross Prairie Campground,"29.0391,-82.2963",65,,,18.89748
,Lake Griffin State Park,"28.8564,-81.9026",121,,,19.027440000000002
,Oscar Scherer State Park Campground,"27.1721,-82.4649",32,,,22.37508
,Colt Creek State Park Campground,"28.2893,-82.0417",121,,,20.04822
,Lake Louisa State Park,"28.4470,-81.7411",137,,,19.70586
,Alafia River State Park- Campground,"27.7782,-82.1391",108,,,21.015000000000004
,Lake Kissimmee Campground,"27.9472,-81.3515",78,,,20.816100000000002
,Highlands Hammock State Park Campground,"27.4747,-81.5303",131,,,21.479400000000002
,Kissimmee Prairie Preserve Family Campground,"27.5822,-81.0435",75,,,21.4848
,Silver Lake Campground,"28.5750,-82.2187",78,,,19.68606
,Holder Mine Campground,"28.8004,-82.3826",85,,,19.25694
,Tiger Bay State Forest,"29.2075,-81.1776",26,,,18.73476
,River Junction Campground Withalacochee State Forest,"28.5765,-82.1992",85,(352) 797-4140,,19.65996
,"Hog Island Recreation Area, Campground & Kayak Launch","28.6194,-82.2412",85,(352) 797-4140,,19.58274
,Mutual Mine Campground,"28.7583,-82.3543",62,,,19.414620000000003
https://fljacksonweb.myvscloud.com,Huguenot Campground,"30.4066,-81.4119",3,(904) 255-4255,,16.65828
https://fljacksonweb.myvscloud.com,Hanna Park Campground,"30.3639,-81.4018",36,(904) 255-4255,,16.618139999999997
https://gastateparks.org/CrookedRiver,Crooked River State Park,"30.8407,-81.5514",49,"RVLife 9.5/10
912-882-5256",,15.713100000000003
,Blythe Island Regional Park,"31.1559,-81.5429",52,912-279-2812 Mon-Sat 8:30am-5pm,,15.134040000000004
,Huntington Beach State Park Campground,"33.5064,-79.0636",-9,"Recommended in _Where_Should_We_Camp_Next?_
RVLife 9.4/10",,11.125440000000001
https://southcarolinaparks.com/myrtle-beach/camping,Myrtle Beach State Park Campground,"33.6541,-78.9276",-6,"Recommended in _Where_Should_We_Camp_Next?_
843-238-5325
RVLife 8.6/10",,10.84788
,Colleton State Park,"33.0625,-80.6159",137,RVLife 8.6/10,,11.397960000000001
,Rivers End Campground & RV Park,"32.0231,-80.8512",22,"Recommended in _Where_Should_We_Camp_Next?_
RVLife 8.7/10",,13.678380000000002
,Hunting Island Campground,"32.3844,-80.4317",6,"Recommended in _Where_Should_We_Camp_Next?_ by Stephanie Puglisi
RVLife 9.1/10",,13.086540000000001
https://thedyrt.com/press/2025-best-places-to-camp-in-the-southeast-region/,Skidaway Island State Park,"31.9548,-81.0526",55,"Recommended in _Where_Should_We_Camp_Next?_ by Stephanie Puglisi
RVLife 9.2/10",,13.684320000000003
,Fort McAllister Campground,"31.8843,-81.1807",68,"RFLife 9.2/10
912-727-2339 or 912-727-4058",,13.764420000000001
,Cat Head Creek RV Park,"31.4246,-81.4887",22,RVLife 9.4/10,,14.755679999999996
,McIntosh Lake RV Park,"31.5378,-81.4573",29,No check-in after 6pm.  RVLife 8.8/10,,14.528519999999999
,South Newport Campground,"31.6137,-81.4017",42,RVLife 7.3/10,,14.345099999999997
,Pound River Campground,"37.1965,-82.4402",1456,,,-0.7466400000000001
,Mohican State Park Campground,"40.6096,-82.2576",928,"Sites are out in the open, but the park is worth seeing.
Recommended in _Where_Should_We_Camp_Next?_ by Stephanie Puglisi",,-5.006520000000001
,Old Man's Cave Campground,"39.4375,-82.5381",931,Recommended in _Where_Should_We_Camp_Next?_ by Stephanie Puglisi,,-2.9084399999999997
,Ludington State Park and Campgrounds,"44.0515,-86.4945",633,Recommended in _Where_Should_We_Camp_Next?_ by Stephanie Puglisi,,-10.148939999999996
,Lower Falls Portage Campground,"46.6032,-85.1979",636,Recommended in _Where_Should_We_Camp_Next?_ by Stephanie Puglisi,,-14.7537
,Platte River Campground,"44.7156,-86.1160",606,Recommended in _Where_Should_We_Camp_Next?_ by Stephanie Puglisi,,-11.250720000000003
,Reelfoot State Park Campground,"36.3634,-89.4330",292,Recommended in _Where_Should_We_Camp_Next?_ by Stephanie Puglisi,,4.906440000000003
,Smokemont Campground,"35.5592,-83.3118",2306,Recommended in _Where_Should_We_Camp_Next?_ by Stephanie Puglisi,,-0.8297999999999942
,Mammoth Cave Campground,"37.1820,-86.0968",787,Recommended in _Where_Should_We_Camp_Next?_ by Stephanie Puglisi,,1.6662599999999963
,Wax Campground,"37.3452,-86.1272",544,Recommended in _Where_Should_We_Camp_Next?_ by Stephanie Puglisi,,2.2383000000000033
,Cloudland Canyon State Park,"34.8395,-85.4840",1771,Recommended in _Where_Should_We_Camp_Next?_ by Stephanie Puglisi,,2.3727599999999986
,Stone Mountain State Park,"36.3829,-81.0225",1883,Recommended in _Where_Should_We_Camp_Next?_ by Stephanie Puglisi,,-0.8031599999999987
https://thedyrt.com/press/2025-best-places-to-camp-in-the-southeast-region/,Topsail Hill Preserve State Park,"30.3711,-86.2748",29,Recommended in _Where_Should_We_Camp_Next?_ by Stephanie Puglisi,,16.628580000000003
,Gunter Hill Campground,"32.3586,-86.4548",187,Recommended in _Where_Should_We_Camp_Next?_ by Stephanie Puglisi,,12.489479999999995
,DeSoto State Park,"34.4971,-85.6273",1610,Recommended in _Where_Should_We_Camp_Next?_ by Stephanie Puglisi,,3.562379999999995
,Cheaha State Park,"33.4786,-85.8094",2139,Recommended in _Where_Should_We_Camp_Next?_ by Stephanie Puglisi,,3.5119800000000008
,Monte Sano State Park Campground,"34.7455,-86.5121",1620,Recommended in _Where_Should_We_Camp_Next?_ by Stephanie Puglisi,,3.0801600000000007
,Gulf State Park Campground,"30.2600,-87.6486",19,Recommended in _Where_Should_We_Camp_Next?_ by Stephanie Puglisi,,16.86366
,Leonard Harrison campground,"41.6975,-77.4497",1870,Recommended in _Where_Should_We_Camp_Next?_ by Stephanie Puglisi,,-10.322639999999996
,Woodford State Park,"42.8912,-73.0385",2339,Recommended in _Where_Should_We_Camp_Next?_ by Stephanie Puglisi,,-14.144399999999996
,George Washington State Campground and Management Area,"41.9220,-71.7550",616,Recommended in _Where_Should_We_Camp_Next?_ by Stephanie Puglisi,,-6.257339999999995
,Burlingame State Campgrounds,"41.3618,-71.7013",108,Recommended in _Where_Should_We_Camp_Next?_ by Stephanie Puglisi,,-3.435480000000004
,Ellacoya State Park,"43.5737,-71.3544",515,Recommended in _Where_Should_We_Camp_Next?_ by Stephanie Puglisi,,-8.867700000000005
,Beartown State Forest,"42.2334,-73.2746",1775,Limited number of RV spots.  $40 non-resident.  Recommended in _Where_Should_We_Camp_Next?_ by Stephanie Puglisi,,-10.947960000000005
https://thedyrt.com/camping/maine/schoodic-woods-campground,Schoodic Woods Campground,"44.3814,-68.0644",190,Recommended in _Where_Should_We_Camp_Next?_ by Stephanie Puglisi,,-9.16326
,Camden Hills State Park,"44.2311,-69.0483",219,Recommended in _Where_Should_We_Camp_Next?_ by Stephanie Puglisi,,-8.998019999999997
,Black Rock State Park,"41.6469,-73.0967",413,Recommended in _Where_Should_We_Camp_Next?_ by Stephanie Puglisi,,-5.036760000000005
,Hammonasset Beach State Park,"41.2667,-72.5584",6,Recommended in _Where_Should_We_Camp_Next?_ by Stephanie Puglisi,,-2.9016
,Watkins Glen State Park Six Nations Camping Area,"42.3705,-76.8824",984,Recommended in _Where_Should_We_Camp_Next?_ by Stephanie Puglisi,,-8.375039999999998
,Letchworth State Park Campground,"42.6975,-77.9373",915,Recommended in _Where_Should_We_Camp_Next?_ by Stephanie Puglisi,,-8.717939999999995
,Killens Pond State Park Campground,"38.9745,-75.5350",42,Recommended in _Where_Should_We_Camp_Next?_ by Stephanie Puglisi,,1.0956600000000019
,Tygart Lake State Park,"39.2802,-80.0108",1151,,,-3.409200000000001
https://www.fs.usda.gov/r08/gwj/recreation/north-creek-campground,North Creek Campground,"37.5419,-79.5834",1171,,,-0.3504599999999966
https://www.fs.usda.gov/r08/gwj/recreation/cave-mountain-lake-recreation-area,Cave Mountain Lake Campground,"37.5757,-79.5346",1253,,,-0.7037999999999957
,Sherando Lake Recreation Area,"37.9195,-79.0073",1880,,,-3.5573399999999986
,Campground at James Island County Park,"32.7369,-79.9924",9,Recommended in _Where_Should_We_Camp_Next?_ by Stephanie Puglisi,,12.440340000000003
,Paris Mountain State Park Campground,"34.9251,-82.3744",1086,Recommended in _Where_Should_We_Camp_Next?_ by Stephanie Puglisi,,4.6639800000000005
,Canaan Loop Road dispersed campsite #5,"39.0722,-79.4737",3648,"Camped here on April 5, 2025",,-11.938500000000005
,Canaan Loop Road dispersed campsite #7,"39.0680,-79.4854",3638,,,-11.895839999999996
,Canaan Loop Road dispersed campsite #4,"39.0727,-79.4732",3648,,,-11.939399999999996
,Canaan Loop Road dispersed campsite #1,"39.0905,-79.4511",3733,"Stopped here briefly on the morning of April 6, 2025",,-12.275639999999997
https://www.fs.usda.gov/Internet/FSE_DOCUMENTS/fseprd576615.pdf,Canaan Loop Road dispersed campsite #2,"39.0875,-79.4553",3694,,,-12.129839999999998
,Canaan Loop Road dispersed campsite #3,"39.0818,-79.4625",3714,,,-12.189780000000003
https://www.fs.usda.gov/Internet/FSE_DOCUMENTS/fseprd576615.pdf,"39°03'34.3""N 79°31'15.6""W","39.0595,-79.5210",3258,Canaan Loop Road possible dispersed campsite,,-10.52334
https://www.fs.usda.gov/Internet/FSE_DOCUMENTS/fseprd576615.pdf,"39°03'51.5""N 79°30'21.3""W","39.0643,-79.5059",3399,Canaan Loop Road possible dispersed campsite,,-11.035080000000006
https://www.fs.usda.gov/Internet/FSE_DOCUMENTS/fseprd576615.pdf,Canaan Loop Road dispersed campsite #6,"39.0693,-79.4767",3714,Canaan Loop Road dispersed campsite #6,,-12.167279999999996
,Bluestone State Park,"37.6170,-80.9205",2181,,,-4.089239999999995
https://tmbtent.com/virginia-free-dispersed-camping/,Dick Cross Wildlife Management Area,"36.6166,-78.2875",252,,,4.591080000000003
https://tmbtent.com/virginia-free-dispersed-camping/,Rapidan WMA,"38.4212,-78.4062",1617,Rapidan WMA permit required,,-3.524399999999998
https://tmbtent.com/virginia-free-dispersed-camping/,White Oak Mountain Wildlife Management Area,"36.7900,-79.3297",839,,,2.1846600000000023
https://tmbtent.com/virginia-free-dispersed-camping/,Amelia Wildlife Management Area,"37.4674,-77.9110",328,,,2.790540000000004
https://tmbtent.com/virginia-free-dispersed-camping/,Walnut Flats Campground,"37.1991,-80.8851",2408,,,-4.144320000000002
https://tmbtent.com/virginia-free-dispersed-camping/,Scotchtown Draft dispersed camping area,"38.1539,-79.5968",1545,"Sites on the north side of the road have great views, and the site closest to the river has water access.",,-2.78586
https://tmbtent.com/virginia-free-dispersed-camping/,Oronoco Campground,"37.7479,-79.2648",1719,,,-2.675160000000002
https://campingprepper.com/best-virginia-rv-campgrounds/,Chickahominy Riverfront Park,"37.2652,-76.8722",22,,,4.2426
"https://www.fs.usda.gov/r08/northcarolina/recreation/black-mountain-campground
https://www.recreation.gov/camping/campgrounds/273780
https://campingprepper.com/asheville-nc-campgrounds/",Black Mountain Campground,"35.7516,-82.2209",3031,Closed for 2025 due to Helene storm damage,,-3.761820000000005
"https://www.recreation.gov/camping/campgrounds/234182
https://campingprepper.com/asheville-nc-campgrounds/",Mount Pisgah Campground,"35.4029,-82.7568",4947,,,-9.966960000000004
https://campingprepper.com/asheville-nc-campgrounds/,Lake Powhatan Recreation Area & Campground,"35.4877,-82.6297",2345,,,-0.8414999999999933
https://campingprepper.com/asheville-nc-campgrounds/,Wilson's Riverfront RV Park,"35.5660,-82.5874",1978,$40 primitive riverside RV sites.,,0.32795999999999587
https://www.fs.usda.gov/Internet/FSE_DOCUMENTS/fseprd576615.pdf,Canaan Valley Loop Road dispersed campsite #7,"39.0745,-79.5739",3294,,,-10.67904
,Hog Island Wildlife Management Area - Carlisle Tract,"37.1445,-76.6848",19,,,4.471559999999999
,Chickahominy Wildlife Management Area,"37.3176,-76.9127",52,,,4.042980000000002
,Hardware River Wildlife Management Area,"37.7568,-78.4286",337,,,2.2345200000000034
,Featherfin Wildlife Management Area,"37.3741,-78.5803",406,,,2.6776800000000027
,Twin Lakes State Park,"37.1756,-78.2787",511,,,2.660579999999995
,Bear Creek Lake State Park,"37.5320,-78.2732",328,,,2.6742600000000065
,Holliday Lake State Park,"37.3980,-78.6414",547,,,2.131559999999994
,Briery Creek Wildlife Management Area,"37.1967,-78.4373",501,,,2.6577
,Bath County Recreational Campground,"38.1855,-79.8263",2060,,,-4.679639999999996
"https://www.saw.usace.army.mil/Locations/District-Lakes-and-Dams/W-Kerr-Scott/Recreation/Recreation-Areas/
https://www.recreation.gov/camping/campgrounds/233421",Bandits Roost Campground,"36.1252,-81.2428",1049,,,2.632500000000001
,Fairy Stone State Park,"36.7884,-80.0947",1204,,,0.8888399999999953
,Falls Lake State Recreation Area,"36.0230,-78.6994",360,,,5.273459999999995
,Chestnut Ridge Regional Park,"39.6803,-79.7806",2214,campingprepper.com/best-west-virginia-rv-campgrounds,,-7.920180000000004
,Pipestem Campground,"37.5187,-80.9820",2765,campingprepper.com/best-west-virginia-rv-campgrounds,,-5.994900000000005
,Lake Sherwood Recreation Area,"38.0063,-80.0109",2736,campingprepper.com/best-west-virginia-rv-campgrounds,,-6.767280000000005
,Holly River State Park,"38.6653,-80.3545",1738,campingprepper.com/best-west-virginia-rv-campgrounds,,-4.3966800000000035
,Summersville Lake Retreat & Lighthouse,"38.1995,-80.8666",2037,Voted best campground in WV.  campingprepper.com/best-west-virginia-rv-campgrounds.  Primitive campsites seem to be available at a reasonable price for small RVs.,,-4.622940000000001
,Bulltown Campground,"38.7935,-80.5614",882,campingprepper.com/best-west-virginia-rv-campgrounds,,-1.5737400000000026
,Baker's Run Campground,"38.6348,-80.5746",938,campingprepper.com/best-west-virginia-rv-campgrounds,,-1.4869799999999969
,Big Bend Campground,"38.8897,-79.2388",1246,campingprepper.com/best-west-virginia-rv-campgrounds,,-3.0455999999999954
,Spruill Farm Landing,"35.9416,-76.5756",6,Spruill Conservation Farm in Hipcamp.  Beautiful soundfront views.,,6.683579999999998
,1560 Fire Trail Rd,"38.9807,-78.0037",1925,"County Line Parking Area, Thompson WMA, permit required",,-5.631299999999998
,1690 Fire Trail Rd,"38.9854,-77.9996",1834,"Appalachian Trail Parking Area, Thompson WMA, permit required",,-5.312159999999997
,1868 Fire Trail Rd,"38.9918,-77.9946",1748,"Orchard Parking Area, Thompson WMA, permit required",,-5.019479999999995
,300 Fire Trail Rd,"38.9676,-78.0183",2044,"Ridge Parking Area, Thompson WMA, permit required",,-6.028919999999995
,630 Fire Trail Rd,"38.9716,-78.0176",2050,"Rock Spring Parking Area, Thompson WMA, permit required",,-6.059520000000004
,Cherry Springs State Park Rustic Campground,"41.6633,-77.8193",2309,"Cherry Springs State Park is nearly as remote and wild today as it was two centuries ago. Its dark skies make it a haven for astronomers. Due to its exceptionally dark skies, Cherry Springs State Park is one of the best places on the eastern seaboard for stargazing and the science of astronomy",,-11.828879999999998
,Watchman Campground,"37.1964,-112.9876",3927,"Nestled at the base of the iconic Watchman Peak, this campground offers dramatic views of red sandstone cliffs and the Virgin River. The towering formations create a breathtaking backdrop, especially at sunrise or sunset.",,-9.556559999999996
,North Rim Campground,"36.2088,-112.0602",8337,"Perched on the quieter, less-visited North Rim, this campground provides jaw-dropping vistas of the Grand Canyon’s vast expanse. The elevation and remoteness enhance the sweeping views of the canyon’s layered cliffs.",,-23.503679999999992
,Silver Bell,"39.1428,-106.8953",8517,"Located near Aspen, this campground frames the iconic Maroon Bells—twin peaks rising above Maroon Lake. The rugged Elk Mountains and golden aspens in fall make it a postcard-worthy spot.",,-29.42838
,Kirk Creek Campground,"35.9900,-121.4957",242,"Perched above the Pacific Ocean along the rugged Big Sur coast, this spot offers panoramic views of waves crashing against cliffs. The sunrise over the water is a highlight, with trails leading to redwoods and waterfalls nearby.",,5.754059999999996
,Many Glacier Campground,"48.7967,-113.6773",4928,"Surrounded by jagged peaks and Swiftcurrent Lake, this campground boasts stunning views of Glacier’s iconic mountains. The reflective waters and frequent wildlife sightings add to the spectacle.",,-34.00560000000001
,Tuolumne Meadows Campground,"37.8712,-119.3577",8651,"High in the Sierra Nevada, this campground features sweeping views of granite domes, meadows, and waterfalls. The open landscape showcases Yosemite’s alpine splendor, especially with wildflowers in summer.",,-27.619200000000003
,Kalaloch Campground,"47.6130,-124.3761",49,"Overlooking the Pacific Ocean, this campground provides dramatic coastal views from bluff-top sites. Driftwood-strewn beaches and the sound of crashing waves make it a striking spot year-round.",,-14.47704
,Bartlett Cove Campground,"58.4509,-135.8938",19,"Tucked along the shores of Glacier Bay, this remote site offers views of icy waters, dense forests, and distant snow-capped peaks. Kayaking reveals even more of the area’s wild beauty.",,-33.87996
,Kayenta Campground,"38.4860,-109.7404",5974,"Just outside Arches and Canyonlands, this campground overlooks the Colorado River’s dramatic 2,000-foot cliffs. The sunrise casts a fiery glow over the desert landscape, rivaling the Grand Canyon in grandeur.",,-19.178639999999994
,Juniper Springs Campground,"29.1839,-81.7120",72,"Amid Florida’s subtropical wilderness, this campground offers views of crystal-clear springs and ancient cypress trees. The lush greenery and water reflections create a tranquil, unique vista.",,18.613439999999997
,Houchin Ferry Campground,"37.2015,-86.2377",472,"Along the Green River, this site provides scenic river views framed by limestone bluffs and hardwood forests. The rolling hills hint at the vast cave system below.",,2.754359999999995
,Savanna Portage State Park Campground,"46.8264,-93.1515",1312,"East of the Mississippi in northern Minnesota, this campground overlooks shimmering lakes surrounded by dense woods. The peaceful water views and vibrant autumn colors stand out.",,-17.565659999999998
,Davidson River Campground,"35.2812,-82.7226",2168,"Near the Blue Ridge Parkway, this campground features views of rugged Appalachian peaks and cascading waterfalls like Looking Glass Falls. The dense forest adds depth to the landscape.",,0.16200000000000375
,Cranberry Lake Campground,"44.2055,-74.8312",1607,"Set in the heart of the Adirondacks, this spot offers serene lake views framed by forested peaks. The reflection of mountains in the water creates a pristine wilderness scene.",,-13.90104
,Elkmont Campground,"35.6577,-83.5835",2260,"Surrounded by misty ridges and lush forests, this site delivers breathtaking views of the Smokies’ rolling peaks. The elevation and vibrant fall foliage amplify the scenery.",,-0.8432999999999963
,Orchard Beach State Park,"44.2817,-86.3153",662,,,-10.668600000000001
,Apgar Campground,"48.5263,-113.9820",3198,,,-27.352979999999995
,Hither Hills State Park Campground,"41.0085,-72.0102",42,,,-2.565539999999996
,Cape Lookout State Park Campground,"45.3660,-123.9687",36,,,-10.38564
,Devil's Lake State Park,"43.4284,-89.7314",987,,,-10.290960000000007
,Deception Pass Camp,"48.3994,-122.6593",98,,,-16.068060000000003
,Jumbo Rocks Campground,"33.9917,-116.0628",4367,,,-5.355900000000002
,Sage Creek Campground,"43.8941,-102.4144",2539,,,-16.663320000000002
,Molly Stark State Park,"42.8525,-72.8149",1886,,,-12.460139999999999
,Lake St. Catherine State Park,"43.4816,-73.2049",521,,,-8.725320000000002
,Emerald Lake State Park,"43.2808,-73.0049",777,,,-9.27648
,Coolidge State Park,"43.5517,-72.6975",1689,,,-13.016699999999995
,Jamaica State Park,"43.1057,-72.7733",679,,,-8.610299999999997
,Pine Grove Furnace State Park,"40.0321,-77.2928",869,,,-3.75642
,Weiser State Forest (Halderman Tract) Campsite H4 Tract),"40.5095,-76.7498",1466,,,-6.7451400000000055
,Weiser State Forest Greenland Tract,"40.5674,-76.6026",1565,,,-7.200359999999999
,Locust Lake State Park Campground,"40.7850,-76.1195",1253,,,-6.480539999999993
,Frances Slocum State Park,"41.3407,-75.8926",1138,,,-7.071299999999996
,Lackawanna State Park,"41.5627,-75.7067",974,,,-6.8858999999999995
,Salt Springs State Park,"41.9118,-75.8652",1223,,,-8.40348
,Lake George Battleground State Campground,"43.4148,-73.7121",400,,,-8.172179999999999
,Robert Moses State Park - Thousand Islands,"45.0013,-74.8507",249,,,-10.489680000000002
,Coles Creek State Park,"44.8936,-75.1381",252,,,-10.307519999999998
,Keewaydin State Park,"44.3238,-75.9349",272,,,-9.352079999999999
,Kring Point State Park,"44.3762,-75.8584",252,,,-9.376199999999995
,Jacques Cartier State Park,"44.5614,-75.6846",269,,,-9.768059999999998
,Dewolf Point State Park,"44.3323,-75.9908",255,,,-9.308879999999993
,Wellesley Island State Campground,"44.3292,-76.0366",265,,,-9.3384
,Grass Point State Park,"44.2798,-75.9990",259,,,-9.226080000000003
,Southwick Beach State Park,"43.7668,-76.2090",269,,,-8.337780000000006
,Fair Haven Beach State Park,"43.3303,-76.6966",305,,,-7.680780000000002
,Hamlin State Park Campground,"43.3591,-77.9500",292,,,-7.685819999999997
,Four Mile Creek State Park,"43.2736,-78.9960",272,,,-7.461720000000004
,Evangola State Park Campground,"42.6021,-79.1178",580,,,-7.35282
,Macomb Reservation State Park,"44.6157,-73.6078",692,,,-11.375099999999994
,Bowman Lake State Park,"42.5169,-75.6784",1745,,,-11.35296
,Selkirk Shores State Park,"43.5531,-76.2056",314,,,-8.11692
,Oquaga Creek State Park,"42.1879,-75.4188",1692,,,-10.573559999999997
,Gilbert Lake State Park,"42.5901,-75.1341",1663,,,-11.192219999999999
,Glimmerglass State Park,"42.7867,-74.8621",1246,,,-10.060200000000005
,Delta Lake State Park,"43.2904,-75.4167",554,,,-8.498159999999997
,Chenango Valley State Park,"42.2156,-75.8342",928,,,-7.897320000000004
,Green Lakes State Park,"43.0582,-75.9715",492,,,-7.857899999999998
,Lake Erie State Park,"42.4215,-79.4298",636,,,-7.226640000000003
,Verona Beach State Park,"43.1767,-75.7293",403,,,-7.755299999999995
,Oneida Shores County Park,"43.2275,-76.1124",403,,,-7.846739999999999
,Cedar Point State Park,"44.2027,-76.1927",285,,,-9.180900000000001
,Burnham Point State Park,"44.1628,-76.2631",262,,,-9.027179999999994
,Long Point State Park - Thousand Islands,"44.0266,-76.2202",259,,,-8.770320000000003
,Westcott Beach State Park,"43.9001,-76.1227",288,,,-8.647920000000004
,Lakeside Beach State Park,"43.3668,-78.2361",285,,,-7.676279999999997
,Golden Hill State Park,"43.3725,-78.4880",269,,,-7.628040000000003
,Lake Harris,"43.9725,-74.1271",1607,,,-13.481639999999993
,Wilmington Notch Campground,"44.3501,-73.8608",1381,Road noise but close to Lake Placid,,-13.354019999999995
,Meadowbrook Campground,"44.2981,-74.0750",1637,Road noise but close to Lake Placid,,-14.173019999999996
,Grand Isle State Park,"44.6872,-73.2928",137,,,-9.526499999999995
,Scaroon Manor Campground,"43.7694,-73.7891",898,,,-10.588859999999995
,Putnam Pond Campground,"43.8403,-73.5670",1305,Possible issue with mosquitos.  Marsh nearby.,,-12.167279999999998
,Paradox Pond Campground,"43.8818,-73.6758",954,,,-10.990079999999997
,Lake Eaton Campground,"43.9867,-74.4566",1797,Small sites.  Bad road.  Poorly maintained.,,-14.185799999999997
,Cumberland Bay State Park,"44.7236,-73.4267",121,,,-9.533519999999996
,Nicks Lake Campground,"43.6744,-74.9869",1735,,,-13.401359999999997
,Moffitt Beach State Campground,"43.4934,-74.3982",1768,,,-13.192560000000002
,Limekiln State Campground,"43.7180,-74.7957",1935,,,-14.193540000000006
,Lewey Lake Campsite,"43.6474,-74.3888",1660,,,-13.083659999999995
,Lake Durant State Campground,"43.8385,-74.3842",1820,,,-14.000940000000007
,Golden Beach Campground,"43.8162,-74.5954",1811,,,-13.925700000000003
,Eighth Lake Campground,"43.7656,-74.7085",1827,,,-13.893119999999998
,Meacham Lake Campground,"44.5779,-74.2860",1551,,,-14.372459999999998
,Fish Creek Pond Campground,"44.3040,-74.3590",1604,Some people complain about noisy neighbors and loud motorboats.  Maybe avoid on weekends?,,-14.066640000000003
,New Discovery State Park,"44.3221,-72.2891",1765,,,-14.672519999999999
,Little River State Park,"44.3898,-72.7673",780,,,-11.284380000000002
,Smugglers' Notch State Park Campground,"44.5209,-72.7741",1483,,,-14.024159999999995
,Elmore State Park,"44.5445,-72.5278",1191,,,-13.025339999999998
,Crown Point Campground,"44.0265,-73.4221",134,,,-8.325539999999997
,Northampton Beach Campground,"43.1891,-74.1754",797,,,-9.181620000000006
,Buck Pond Campground,"44.5047,-74.1135",1660,,,-14.6268
,Rollins Pond Campground,"44.3101,-74.4083",1584,,,-14.007419999999998
,West Thompson Lake Campground,"41.9563,-71.8987",433,,,-5.663879999999997
,Fresh Gardens,"25.4747,-80.5068",29,Hipcamp,,25.442100000000003
,Gate to the Keys (Hipcamp),"25.4460,-80.5341",22,Gate to the Keys (Hipcamp),,25.517159999999997
,John Pennekamp Camp Area,"25.1226,-80.4080",32,,,26.064180000000004
,Bahia Honda State Park RV Campground,"24.6582,-81.2768",9,,,26.982
,Faver-Dykes State Park Campground,"29.6689,-81.2522",49,,,17.82234
,Jonathan Dickinson State Park River Campground,"26.9913,-80.1420",32,,,22.700520000000004
,Tomoka State Park Campground,"29.3390,-81.0818",45,,,18.427860000000003
,Brevort Lake Campground,"46.0073,-84.9737",675,,,-13.821480000000001
,D. H. Day Campground,"44.8967,-86.0202",606,,,-11.576700000000004
,Davis Bayou Campground,"30.3974,-88.7962",32,,,16.56954
,Fort Pickens Campground,"30.3235,-87.2745",22,,,16.73766
,Frisco Campground,"35.2369,-75.6034",13,,,7.928640000000003
,Salt Springs Recreation Area,"29.3579,-81.7336",85,,,18.253439999999998
,St. Lucie South Campground,"27.1115,-80.2841",19,,,22.53096
,Ortona South Lock Campground,"26.7879,-81.3073",39,,,23.04324
,W.P. Franklin North Campground,"26.7236,-81.6934",19,,,23.22918
,Mitchell Landing Campground,"25.7544,-80.9266",19,,,24.97374
,Burns Lake Campground - Big Cypress National Preserve,"25.8935,-81.2302",6,,,24.77016
,Monument Lake Campground,"25.8689,-81.1144",16,,,24.779339999999998
,Midway Campground,"25.8509,-80.9895",19,,,24.800040000000003
,Collier-Seminole State Park,"25.9917,-81.5917",39,,,24.476399999999998
,Big Lagoon State Park Campground,"30.3144,-87.4114",29,,,16.73064
,Henderson Beach State Park Campers Beach,"30.3838,-86.4370",26,,,16.61742
,Camping Area at St Andrew's State Park,"30.1392,-85.7412",16,,,17.0928
,St Joseph Peninsula Campground,"29.7800,-85.4061",13,,,17.75106
,Sebastian Inlet State Park Campground,"27.8587,-80.4481",0,,,21.256200000000003
,Camp Grayton Beach State Park Campground,"30.3289,-86.1551",16,,,16.75134
,Saint George Island State Campground,"29.7188,-84.7498",16,,,17.849519999999995
,Squirrel Gap campsite #5,"39.0234,-78.7045",1902,Numerous forest service campsites along the length of FR 344. Suitable for most vehicles.,,-5.626260000000004
,Squirrel Gap campsite #4,"39.0156,-78.7042",1843,Numerous forest service campsites along the length of FR 344. Suitable for most vehicles.,,-5.401619999999998
,Squirrel Gap campsite #3,"39.0461,-78.6730",1486,Numerous forest service campsites along the length of FR 344. Suitable for most vehicles.,,-4.181220000000004
,Squirrel Gap site #2,"39.0675,-78.6449",1588,Numerous forest service campsites along the length of FR 344. Suitable for most vehicles.,,-4.5824400000000045
,Squirrel Gap campsite #1,"39.0668,-78.6400",1561,Numerous forest service campsites along the length of FR 344. Suitable for most vehicles.,,-4.487580000000001
,Flagpole rd site #3,"38.4912,-79.2133",3897,campsite ~1/4 mi NE of Hone Quarry Ridge Trail,,-11.781899999999998
,Flagpole rd site #2,"38.4926,-79.2108",3996,campsite ~1/2 mi NE of Hone Quarry Ridge Trail,,-12.135420000000005
,Flagpole Knob site #3,"38.5082,-79.1889",4176,campsite ~1/2 mile west of Flagpole knob,,-12.807000000000004
,Flagpole Knob site #2,"38.5087,-79.1870",4301,campsite just west of Flagpole Knob,,-13.252499999999996
,Flagpole Rd Campsite,"38.5009,-79.2076",4065,campsite at Flagpole rd & Forest rd 85-4,,-12.396060000000002
,Silver Lake State Park Campground,"43.6615,-86.4950",626,,,-9.423539999999996
,Cheyenne Mountain State Park,"38.7292,-104.8329",6263,,,-20.645999999999997
,Cherry Creek State Park Campground,"39.6502,-104.8390",5600,,,-19.940399999999997
,Tahquamenon Falls State Park Rivermouth Campgrounds,"46.5563,-85.0355",620,,,-14.610780000000002
,Hog Wild Farm,"41.2968,-79.8880",1532,Hog Wild Farm,,-8.396279999999996
,Gordon Glenn Woods,"40.5209,-78.8771",1709,,,-7.631459999999995
,Reed & Green Campground,"46.6610,-85.5227",649,,,-14.90454
,Lower Falls Hemlock Campground,"46.6093,-85.2060",744,,,-15.150779999999996
,Lake Superior State Forest Campground,"46.6768,-85.7560",633,,,-14.87448
,Blind Sucker #2 State Forest Campground,"46.6679,-85.7533",639,,,-14.881860000000007
,Pike Lake State Forest Campground,"46.6439,-85.4165",685,,,-15.002460000000003
,Two Hearted River State Forest Campground,"46.6981,-85.4226",597,,,-14.784119999999994
,Culhane Lake State Forest Campground,"46.6948,-85.3590",652,,,-14.97708
,Bodi Lake State Forest Campground,"46.7071,-85.3354",626,,,-14.905619999999995
,Andrus Lake State Forest Campground,"46.7032,-85.0352",639,,,-14.945400000000005
,Tuckahoe State Park Campground,"38.9776,-75.9294",59,,,1.0315799999999957
,Martinak State Park,"38.8659,-75.8364",42,,,1.291139999999994
,Just Plane Adventures,"39.1777,-79.0575",1033,,,-2.8035000000000028
,Riverside Cabins & RV Park,"38.9998,-79.0269",856,,,-1.8514800000000007
,Five River Campgrounds,"39.1043,-79.6821",1620,,,-4.765680000000003
,Brooklyn Heights Riverfront Campground,"39.0711,-79.6232",1696,,,-4.9750200000000016
,20561 Park Hall Rd,"39.4527,-77.6517",682,,,-2.0466
,Burke Lake Campgrounds,"38.7690,-77.3016",380,,,0.26046000000000313
,Lake Fairfax Park Campground,"38.9625,-77.3220",311,,,0.15786000000000272
,Pat's Primitive Place,"40.3305,-78.4355",1053,,,-4.948740000000002
,Camp Battleview,"39.4624,-77.7439",446,,,-1.2216600000000042
,EZ Getaway,"39.9004,-78.2958",1463,,,-5.6370599999999955
,Estes Place,"39.7034,-78.1075",698,,,-2.5563600000000033
,Lower Ted Lake Parking,"38.9230,-78.0025",764,requires Thompson WMA permit,,-1.385640000000003
,Thompson Lake Parking Area,"38.9574,-77.9888",915,,,-1.9857599999999995
,Weston Wildlife Management Area,"38.6634,-77.6951",298,Weston WMA permit required,,0.743039999999995
,1253 Taylor Mountain Rd,"38.3867,-78.4813",2555,Rapidan WMA permit required,,-6.808499999999995
,State Rte 675,"38.4058,-78.4295",1131,Rapidan WMA permit required,,-1.7650799999999982
,300 Cobblestone Row,"38.4157,-78.3930",1341,Rapidan WMA permit required,,-2.5317000000000016
,3369 Garth Rd,"38.4028,-78.3898",1227,Rapidan WMA permit required,,-2.0989799999999983
https://pennsylvaniastateparks.reserveamerica.com/camping/delaware-state-forest/r/campsiteDetails.do?contractCode=PA&siteId=23610&parkId=880251,White Deer Campsite,"41.3942,-75.1374",1535,PA State Forest campsite.  ,,-8.583299999999996
https://pennsylvaniastateparks.reserveamerica.com/camping/delaware-state-forest/r/campsiteDetails.do?contractCode=PA&siteId=23609&parkId=880251,E016 Fivemile Meadow,"41.3290,-75.0247",1512,PA State Forest site.  ,,-8.38404
,Camp Roosevelt Recreation Area,"38.7334,-78.5174",1187,,,-2.5536600000000056
,Hidden Valley Campground,"38.0988,-79.8219",1830,,,-3.7045799999999947
,Blowing Springs Campground,"38.0694,-79.8837",1748,,,-3.359160000000003
,McClintic Point Primitive Campground,"38.0140,-79.9201",1574,All sites claim to accommodate 21 feet RVs but will probably handle a few feet more,,-2.6393400000000047
,Laurel Fork Campground,"38.7406,-79.6921",3107,,,-9.411120000000002
,Little Fort Campground,"38.8669,-78.4444",1381,May be tent-only.  Some reviews have said not enough room for even a small RV.,,-3.484260000000002
,Tennison Bay Campground,"45.1592,-87.2326",603,,,-12.037499999999998
,South Nicolet Bay Campground,"45.1636,-87.2198",620,,,-12.103920000000004
,Potawatomi State Park,"44.8626,-87.4137",623,,,-11.57382
,Rifrafters Campground,"38.0480,-81.1274",1912,Sites appear to be attractive and well-spaced.  Back-in/30A/water sites for 22 ft RVs are about $41,,-3.905640000000003
,Glade Creek Campground,"37.8286,-81.0140",1289,,,-1.2877200000000024
,Gauley Tailwaters Campground,"38.2147,-80.8890",1378,,,-2.2986000000000013
,War Ridge/Backus Mountain Campground,"37.8453,-80.9852",2529,,,-5.740380000000003
,Chestnut Creek Campground,"38.0758,-81.0629",1807,Primarily a tent campground but call ahead to see if they can accommodate a small camper,,-3.5812800000000014
,Holland State Park,"42.7743,-86.2096",574,,,-7.639379999999995
,Lazy A Campground,"39.4065,-78.1422",485,RV sites $40/night 2 person max,,-1.261440000000002
,Buffalo Gap Retreat,"39.3342,-78.4577",967,"There are three RV sites in the creekside area, $40 per night",,-2.8512000000000044
,Horseshoe Recreation and Campground Area,"39.1780,-79.6016",1811,,,-5.576939999999994
,Spring Gap Campground,"39.5642,-78.7176",574,,,-1.8611999999999989
,15 Mile Creek Campground,"39.6253,-78.3855",492,,,-1.678680000000005
,Fahnestock State Park Campground,"41.4660,-73.8241",1076,,,-7.074540000000002
,Watermelon Park & RV Campground,"39.0963,-77.9378",416,,,-0.4573799999999987
,Ravens Cliff campground,"36.8361,-81.0700",2221,,,-2.8240200000000026
,Raccoon Branch Campground,"36.7471,-81.4251",2851,,,-4.910220000000005
,Hurricane Campground,"36.7230,-81.4910",2805,,,-4.703039999999997
,Comers Rock Recreation Area,"36.7630,-81.2249",3822,,,-8.402039999999996
,Beartree Recreation Area,"36.6712,-81.6797",3340,,,-6.516899999999998
,The Pines Campground,"37.6050,-80.0762",1886,,,-3.014639999999994
,Scales Campground,"36.6700,-81.4863",4622,Forest service campground.  Reports of very rough road that presented some challenges for a Subaru Forester.,,-11.089440000000003
,Stony Fork Campground,"37.0102,-81.1813",2375,,,-3.6872999999999947
,Big Bend boondocking sites,"37.0245,-81.1761",3881,"forest service, good views, rough road",,-9.083340000000005
,Big Survey WMA boondocking sites,"36.9006,-81.0372",2969,WMA permit required,,-5.607719999999994
,Crooked Creek WMA boondocking sites,"36.6757,-80.8139",2388,WMA permit required,,-3.1319999999999975
,White Rocks Campground,"37.4296,-80.4920",3008,White Rocks Campground is a great camp spot for those who enjoy a natural setting and don’t need lots of amenities. It is set in the midst of a typical Appalachian forest and a small creek meanders through several sites.,,-6.7003200000000005
,Hog Camp Gap boondocking site,"37.7604,-79.1957",3527,"Camping area adjacent to AT, a large clearing used by a lot of AT thru-hikers.  Bumpy dirt road accessible by standard sedan.",,-9.144359999999995
,Crabtree Falls boondocking sites,"37.8476,-79.1220",2647,"Camping areas on rt826/Meadows lane, right off route 56.  Meadows lane is a fire road to upper falls parking lot.  Sign says 4WD but apparently many sedans are seen on the road.",,-6.165719999999999
,Hidden Valley WMA boondocking sites,"36.8504,-82.0788",3746,WMA permit required,,-8.29026
,Brandywine Lake Campground,"38.5971,-79.1998",1985,,,-5.1514199999999954
,Hone Quarry Campground,"38.4623,-79.1350",1919,,,-4.674779999999998
,Todd Lake Recreation Area Campground,"38.3658,-79.2095",1962,,,-4.65318
,North River Campground,"38.3395,-79.2072",1863,,,-4.2548400000000015
,Babcock State Park Campground,"38.0069,-80.9484",2365,,,-5.446260000000002
,Greenbrier State Forest Campground,"37.7305,-80.3627",2001,,,-3.6500399999999984
,Kumbrabow Crossing,"38.6559,-80.0713",3057,,,-9.083160000000005
,Riverside Campground,"38.1114,-80.1779",2086,,,-4.639860000000006
,Beaver Creek Campground,"38.1026,-80.0943",2582,,,-6.390720000000004
,Wolf Gap Recreation Area,"38.9243,-78.6890",2244,,,-6.664680000000004
,Elizabeth Furnace Family Campground,"38.9242,-78.3315",787,,,-1.469699999999998
,Shaver's Fork dispersed site,"38.6492,-79.8620",3569,Alongside railroad tracks.  Accessible by bumpy forest service road.,,-10.8963
,Trout Pond Campground,"38.9521,-78.7325",2040,,,-5.989320000000002
,Red Run Falls dispersed camping,"38.6298,-79.8821",3651,,,-11.153880000000004
,Mower Basin dispersed camping,"38.5705,-79.9331",4097,,,-12.638340000000003
,Army Camp Rd Campground,"37.8578,-81.0994",1171,,,-0.9190799999999951
,Dolly Sods boondocking sites #3,"38.9650,-79.3447",3884,,,-12.587940000000007
,Abes Run dispersed camping,"38.6178,-79.6765",3343,,,-10.032480000000005
,Seven Mile Campground,"38.3068,-79.9223",2713,,,-7.2262800000000045
,Cranberry River sites 6-19,"38.2955,-80.5161",2247,,,-5.544539999999994
,Big Rock Campground,"38.2959,-80.5240",2267,,,-5.615460000000006
,Cranberry Campground,"38.3255,-80.4415",2588,,,-6.815339999999996
,Island Campground,"38.5793,-79.7052",3054,,,-8.933580000000006
,Grandview Sandbar Campground,"37.8552,-81.0531",1318,,,-1.440900000000006
,Groundhog Trail boondocking sites,"37.4241,-80.6763",2162,"This is a grassy pull-off from VA-218 aka VA-24 aka Spruce Run. Hard-packed when dry but could be soupy after a hard rain.
The road in is Dirt. There are 1-5 campsites at this location and the maximum RV length is 45 feet.
freecampsites.net",,-3.6718200000000047
,Meadow Creek dispersed camp sites,"37.9595,-80.0703",2513,,,-5.887439999999998
,Becky's Creek camping area,"38.5900,-79.9684",3087,,,-9.069840000000005
,Shaver's Fork free campsites,"38.6081,-79.8811",3625,,,-11.02122
,Stonecoal dispersed camping,"38.6353,-79.8718",3599,,,-10.976580000000002
,Lower Glady Dispersed Campground,"38.9637,-79.6070",2342,,,-7.086600000000004
,Gladwin Dispersed Camping Area,"39.0077,-79.5493",1991,,,-5.913899999999999
,Camp Run Campground,"38.7475,-79.1089",1640,,,-4.193640000000004
,Dolly Sods bookdocking sites #2,"39.0660,-79.3016",3930,,,-12.933540000000004
,Dolly Sods boondocking sites #1,"39.0574,-79.2847",2920,,,-9.31446
,Fellowsville Park,"39.3273,-79.8136",1476,,,-4.652280000000002
,Squirrel Gap Road Parking,"39.0676,-78.6378",1519,,,-4.336919999999997
,Hawk Recreation Area,"39.1165,-78.4989",1427,,,-4.0973400000000035
,Long Run Road Campsite #2,"38.5813,-79.0523",3143,,,-9.253079999999997
,Long Run Road Campsite #1,"38.5774,-79.0371",3389,,,-10.123559999999994
,Western-Facing Campsite,"38.5950,-79.0710",3658,,,-11.114639999999998
,Long Run Road Campsite #3,"38.5867,-79.0579",3415,,,-10.2339
,"Back Ridge Shadows, LLC","38.6734,-79.5699",3973,,,-12.378960000000001
,High Country Campground,"36.6648,-81.6031",3294,,,-6.3415799999999996
,Grindstone Campground,"36.6883,-81.5393",3730,,,-7.939979999999996
,Canaan Valley Resort Campground,"39.0142,-79.4568",3261,,,-10.453500000000004
,Gatewood Park Campground,"37.0440,-80.8715",2194,,,-3.104639999999994
,Summit Lake Campground,"38.2484,-80.4448",3494,,,-9.905759999999994
,Grayson Highlands State Park,"36.6286,-81.4966",4665,,,-11.167019999999999
,Bark Camp Recreation Area,"36.8694,-82.5263",2874,,,-5.212259999999998
,Flag Rock Recreational Area,"36.9122,-82.6330",3349,,,-6.985799999999998
,High Knob Recreation Area,"36.8876,-82.6140",3655,,,-8.029619999999998
,Fort Frederick Campground,"39.6066,-78.0100",429,,,-1.4227200000000002
https://pennsylvaniastateparks.reserveamerica.com/camping/french-creek-state-park/r/campgroundDetails.do?contractCode=PA&parkId=880406,French Creek State Park Campground,"40.2159,-75.7838",928,,lake,-4.2978599999999965
,Crooked Creek Campground,"40.7092,-79.5158",997,,,-5.431500000000005
,Christopher Run Campground,"38.0973,-77.8923",269,,,1.8673200000000054
,Machicomoco State Park Campground,"37.3092,-76.5496",42,,,4.093200000000006
,Newport News Park,"37.1905,-76.5481",65,,,4.22496
,Chippokes State Park,"37.1403,-76.7484",98,,,4.1983199999999945
,Williamsburg Christian Retreat Center,"37.4248,-76.8522",114,,,3.627720000000004
,Buffalo Park and Campground,"36.6619,-78.6292",344,,,4.1819399999999955
,Longwood Park,"36.5768,-78.5488",321,,,4.417020000000003
,Rudds Creek Campground,"36.6575,-78.4423",318,,,4.283460000000002
,Goose Point Park,"36.8045,-80.0587",1151,,,1.047060000000005
,Salthouse Branch Park,"36.8135,-80.0387",1033,,,1.4520600000000043
,Horseshoe Point Park,"36.8341,-80.0723",994,,,1.5553800000000013
,Gerald Freeman Campground,"38.6705,-80.5472",977,,,-1.6916399999999945
,Battle Run Campground,"38.2216,-80.9096",1673,,,-3.364020000000004
,Bolar Mountain Recreation Area,"37.9848,-79.9696",1637,,,-2.8090799999999994
,Assateague State Park,"38.2374,-75.1374",0,,,2.5745399999999985
,North Bend Park & Campground,"36.5861,-78.3081",311,,,4.435379999999998
"https://www.nps.gov/blri/planyourvisit/crabtree-falls-cg.htm
https://www.recreation.gov/camping/campgrounds/258667",Crabtree Falls Campground,"35.8123,-82.1440",3691,Closed for 2025 due to hurricane Helene,,-6.222779999999999
,Lover's Leap Campground,"36.7022,-82.7380",1834,,,-1.2023999999999955
,Estes Place,"39.4832,-77.4633",659,,,-2.0195999999999934
,Berryville Berries,"39.1471,-78.0882",567,,,-1.087020000000003
,San Carlos RV Park & Islands,"26.4683,-81.9495",19,,,23.688720000000004
,Gulf Air,"26.4901,-81.9408",13,,,23.67288
,Koreshan State Park,"26.4340,-81.8157",36,,,23.691959999999998
,Periwinkle Park Campground,"26.4440,-82.0427",16,,,23.74416
,Ohiopyle State Park Kentuck Campground,"39.8888,-79.4945",1660,,,-6.318180000000006
,Laurel Hill State Park Campground,"39.9922,-79.2421",1971,,,-7.615799999999994
,Vermilion Travel Plaza,"41.3776,-82.2244",734,,,-5.698620000000002
,Findley State Park,"41.1314,-82.2087",876,,,-5.758559999999999
,Silver Springs Campground,"41.1939,-81.4057",1105,,,-6.690059999999999
,Wilderness State Park Campground,"45.7444,-84.9022",613,,,-13.125959999999997
,Pokagon State Park Toboggan Run,"41.7044,-85.0288",1033,,,-7.351559999999998
,Harrison Lake State Park,"41.6443,-84.3719",807,,,-6.436080000000002
,Indiana Dunes State Park Campground Showers and Bathrooms,"41.6576,-87.0554",629,,,-5.8282200000000035
,Straits State Park,"45.8551,-84.7195",669,,,-13.52412
,West Branch State Park Campground,"41.1428,-81.1129",1049,,,-6.399180000000002
,Covert Township Park,"42.2993,-86.3259",652,,,-7.065180000000004
,Van Buren State Park,"42.3346,-86.3006",656,,,-7.140420000000003
,Illinois Beach State Park Campground,"42.4366,-87.8071",597,,,-7.113419999999997
,Warren Dunes State Park Campground,"41.9100,-86.5871",629,,,-6.282539999999994
,North Pointe RV Resort,"35.5319,-78.2632",173,,,6.824339999999999
,Kohler-Andrae State Park,"43.6651,-87.7192",600,,,-9.336420000000004
,Point Beach Campground,"44.1827,-87.5273",613,,,-10.314899999999994
,Hoeft State Park,"45.4637,-83.8836",646,,,-12.737700000000006
,Maumee Bay State Park,"41.6789,-83.3740",574,,,-5.667659999999997
,Twelvemile Beach Campground,"46.6398,-86.2157",603,,,-14.702580000000001
,Munising Tourist Park Campground,"46.4410,-86.6774",590,,,-14.297940000000004
,Hurricane River Campground,"46.6656,-86.1667",600,,,-14.737319999999997
,Woodland Park Campground,"46.6733,-85.9911",639,,,-14.891579999999996
,Harrisville State Park,"44.6475,-83.2976",643,,,-11.256840000000002
,Muskallonge Lake State Park,"46.6766,-85.6281",633,,,-14.874120000000001
,Tawas Point Campground,"44.2577,-83.4448",587,,,-10.3563
,Bill and Nancy Snyder's property,"41.2152,-80.3134",1184,,,-7.009200000000005
,Dunewood Campground,"41.6709,-86.9829",652,,,-5.934060000000006
,Gamble Rogers,"29.4380,-81.1100",19,,,18.343260000000004
,Cypress Glen Campground,"28.5704,-82.2115",95,,,19.63584
,Hillsborough River State Park,"28.1427,-82.2272",82,,,20.452499999999997
,Cheraw State Park,"34.6410,-79.9006",134,,,8.568360000000004
,Jekyll Island Campground,"31.1075,-81.4128",55,,,15.209459999999996
,Pocahontas State Park,"37.3724,-77.5715",288,,,3.101940000000002
,The Real Lake Aire RV Park,"32.7774,-80.1467",39,,,12.26214
,Seven Points Campground,"40.3937,-78.0932",1164,Raystown Lake COE campground w/many waterfront sites,,-5.4603000000000055
,Geneva State Park Campground,"41.8511,-80.9873",593,,,-6.047820000000004
,East Harbor State Park,"41.5446,-82.8203",580,,,-5.4493200000000055
,Kelleys Island State Park,"41.6144,-82.7062",587,,,-5.598360000000007
,South Bass Island State Park,"41.6427,-82.8355",584,,,-5.637599999999996
,Yellow Creek Campground,"40.5842,-79.0006",1318,,,-6.353100000000004
,Blackwater Falls Campground,"39.1165,-79.4895",3162,,,-10.286640000000004
,Holden Beach Fishing Pier,"33.9111,-78.2972",-26,,,10.455480000000005
,Carolina Beach State Park,"34.0459,-77.9139",13,,,10.072439999999995
,Cherry Hill Recreation Area,"34.9417,-83.0875",2263,,,0.433800000000005
,Fore Lake Campground,"29.2737,-81.9204",104,,,18.334799999999998
,Alexander Springs Recreation Area,"29.0803,-81.5776",72,,,18.799919999999997
,Jack Hill State Park,"32.0844,-82.1255",200,,,12.936239999999996
,Sexton Pond,"34.4659,-80.3015",246,,,8.485740000000005
,Campbell's Lake,"34.5951,-79.9832",137,,,8.639279999999998
,Sugarloaf Mountain Recreation Area,"34.5878,-80.1331",328,,,7.973819999999998
,Sand Hills State Forest,"34.5343,-80.0909",305,,,8.152019999999997
,Bradbury Mountain State Park Campground,"43.9001,-70.1779",278,,,-8.612820000000005
,Winslow Memorial Park,"43.8015,-70.1153",22,,,-7.522739999999994
,Fort Dummer State Park,"42.8246,-72.5666",610,,,-7.858619999999994
,Spruce Run Recreation Area,"40.6605,-74.9389",308,,,-2.886839999999998
,Belle Isle State Park,"37.7829,-76.5800",16,,,3.334140000000004
,Kiptopeke State Park,"37.1703,-75.9810",45,,,4.331520000000005
,Keystone State Park,"40.3726,-79.3850",1141,,,-5.340419999999996
,Shawnee State Park,"40.0341,-78.6343",1161,,,-4.801320000000004
,Santee State Park,"33.5188,-80.4884",144,,,10.553220000000003
,Camp Pedro,"34.4996,-79.3065",108,,,8.916479999999998
,Arrowhead Campground,"35.4379,-80.0698",603,,,5.460840000000002
,Little Pee Dee State Park,"34.3299,-79.2835",72,,,9.350639999999997
,Occoneechee State Park,"36.6241,-78.5258",344,,,4.249980000000003
,Westmoreland State Park,"38.1599,-76.8670",190,,,2.03544
,Oak Ridge Campground,"38.5990,-77.4175",387,,,0.5430600000000062
"https://www.nab.usace.army.mil/Missions/Dams-Recreation/Jennings-Randolph-Lake/Camping/
https://www.recreation.gov/camping/campgrounds/233604",Robert W Craig Campground,"39.4201,-79.1130",2017,,lake,-6.749819999999996
,Breezy Point Beach & Campground,"38.6193,-76.5135",0,,,1.8871199999999952
,Coopers Rock State Forest,"39.6556,-79.7878",2165,,,-7.700219999999998
,Pohick Bay Regional Park,"38.6718,-77.1690",127,,,1.3363200000000048
,Bull Run Regional Park,"38.8017,-77.4915",173,,,0.9387000000000062
,Little Talbot Island State Park,"30.4546,-81.4153",16,,,16.52508
,Lake Manatee State Park,"27.4785,-82.3372",95,,,21.60126
,Little Manatee River State Park,"27.6632,-82.3737",32,,,21.491100000000003
,Curry Hammock State Park,"24.7413,-80.9808",9,,,26.832420000000003
,Long Key State Park,"24.8151,-80.8059",13,,,26.68788
,Ocracoke Campground,"35.1264,-75.9196",9,,,8.139240000000006
,Cape Point Campground,"35.2357,-75.5389",6,,,7.9541999999999975
,First Landing State Park Campground,"36.9201,-76.0499",26,,,4.8520800000000035
,Oceanside Drive-In Campground,"38.2013,-75.1538",3,,,2.627819999999994
,Wildwood State Park,"40.9606,-72.7954",154,,,-2.877119999999999
,Anastasia State Park,"29.8823,-81.2777",0,,,17.61372
,Fort Clinch State Park,"30.6991,-81.4567",45,,,15.979679999999998
,Fort DeSoto County Park,"27.6338,-82.7186",22,,,21.57912
,Buttonwood Inlet RV Resort,"27.4698,-82.6854",9,,,21.921120000000002
,Buck Hall Recreation Area and Boat Landing,"33.0394,-79.5618",13,,,11.88414
,Douthat State Park,"37.8989,-79.8077",1555,,,-2.361959999999996
,Rocky Gap State Park Campground,"39.7148,-78.6434",1220,,,-4.4371799999999935
,Lums Pond State Park,"39.5681,-75.7303",72,,,-0.078120000000002
,Point Lookout State Park,"38.0592,-76.3370",3,,,2.8836000000000053
,Gambrill State Park,"39.4646,-77.4976",1473,,,-4.887719999999995
,Greenbrier State Park,"39.5378,-77.6218",866,,,-2.8549799999999945
,Cunningham Falls State Park,"39.6238,-77.4651",1122,,,-3.922380000000005
,Caledonia State Park,"39.9114,-77.4801",1079,,,-4.28796
,Codorus State Park Campground,"39.7799,-76.9186",692,,,-2.670659999999996
,Seawall Campground,"44.2422,-68.3060",59,,,-8.444699999999994
,Blackwoods Campground,"44.3131,-68.2108",209,,,-9.110519999999998
,Elk Neck State Park,"39.4848,-75.9848",160,,,-0.2440799999999997
,Lampe Campground,"42.1505,-80.0783",574,,,-6.516540000000002
,Wheel-In Campground,"40.6928,-79.3293",997,,,-5.401979999999997
,Silver Canoe Campground,"40.7710,-79.2398",1105,,,-5.928840000000002
,Bear Run Campground,"40.9300,-80.1263",1236,,,-6.683039999999999
,Mercer / Grove City KOA Holiday,"41.1796,-80.1851",1328,,,-7.459920000000002
,Mountain Top Campground,"40.6592,-79.8044",1148,,,-5.879699999999996
,Loft Mountain Campground,"38.2474,-78.6704",3372,,,-9.471059999999998
,Big Meadows Campground,"38.5290,-78.4368",3550,,,-10.609740000000006
,Shenandoah River State Park,"38.8491,-78.3074",728,,,-1.1239199999999998
,Lake Anna State Park,"38.1208,-77.8224",387,,,1.4038199999999954
,Cape Henlopen State Park,"38.7820,-75.1037",0,,,1.5942600000000064
,Grouseland Hospitality,"39.7943,-78.3576",1118,,,-4.21758
